Workbook

Sheet Sayfa1
A1: Plaka | B1: Ekipman_Kodu | C1: Planlama ÜY | D1: Planlama grubu | E1: Masraf yeri | F1: Sorumlu işyeri | G1: Arac_Sinifi_Kodu | H1: Arac_Sinifi_Adi | I1: Marka_Model | J1: Motor_Seri_No | K1: Şaşi No | L1: Ruhsat No
A2: =VLOOKUP(B2,Sayfa2!A:O,15,0) -> 06CBB253 | B2: =Sayfa2!A3 -> BA-090 | C2: =VLOOKUP(B2,Sayfa2!A:G,7,0) -> 1035 | D2: =VLOOKUP(B2,Sayfa2!A:H,8,0) -> 135 | E2: =VLOOKUP(B2,Sayfa2!A:I,9,0) -> 10001035 | F2: =VLOOKUP(B2,Sayfa2!A:J,10,0) -> 1035-01 | G2: =IF(H2="BINEKARAC", 702001, IF(H2="CEKICI", 702002, IF(H2="KAMYON GRP", 702002, IF(H2="SERVISARAC", 702002, IF(H2="KAMYONET", 702011, 702003))))) -> 702001 | H2: =VLOOKUP(B2,Sayfa2!A:K,11,0) -> BINEKARAC | I2: =VLOOKUP(B2,Sayfa2!A:N,13,0) -> OTOMOBİL FIAT EGEA 1.3 MULTIJET | J2: =VLOOKUP(B2,Sayfa2!A:AI,35,0) | K2: =VLOOKUP(Sayfa1!B2,Sayfa2!A:AU,47,0) -> ZFA35600006S14994 | L2: =VLOOKUP(B2,Sayfa2!A:U,21,0) -> FP303298
A3: =VLOOKUP(B3,Sayfa2!A:O,15,0) -> 06EZE162 | B3: =Sayfa2!A4 -> BA-254 | C3: =VLOOKUP(B3,Sayfa2!A:G,7,0) -> 1035 | D3: =VLOOKUP(B3,Sayfa2!A:H,8,0) -> 135 | E3: =VLOOKUP(B3,Sayfa2!A:I,9,0) -> 10001035 | F3: =VLOOKUP(B3,Sayfa2!A:J,10,0) -> 1035-01 | G3: =IF(H3="BINEKARAC", 702001, IF(H3="CEKICI", 702002, IF(H3="KAMYON GRP", 702002, IF(H3="SERVISARAC", 702002, IF(H3="KAMYONET", 702011, 702003))))) -> 702001 | H3: =VLOOKUP(B3,Sayfa2!A:K,11,0) -> BINEKARAC | I3: =VLOOKUP(B3,Sayfa2!A:N,13,0) -> SUV RENAULT DUSTER EVOLUTION MILD HYBRID | J3: =VLOOKUP(B3,Sayfa2!A:AI,35,0) -> H5FA604D011963 | K3: =VLOOKUP(B3,Sayfa2!A:U,21,0) -> HP113619 | L3: =VLOOKUP(B3,Sayfa2!A:U,21,0) -> HP113619
A4: =VLOOKUP(B4,Sayfa2!A:O,15,0) -> 06EZE159 | B4: =Sayfa2!A5 -> BA-256 | C4: =VLOOKUP(B4,Sayfa2!A:G,7,0) -> 1038 | D4: =VLOOKUP(B4,Sayfa2!A:H,8,0) -> 138 | E4: =VLOOKUP(B4,Sayfa2!A:I,9,0) -> 10001038 | F4: =VLOOKUP(B4,Sayfa2!A:J,10,0) -> 1038-01 | G4: =IF(H4="BINEKARAC", 702001, IF(H4="CEKICI", 702002, IF(H4="KAMYON GRP", 702002, IF(H4="SERVISARAC", 702002, IF(H4="KAMYONET", 702011, 702003))))) -> 702001 | H4: =VLOOKUP(B4,Sayfa2!A:K,11,0) -> BINEKARAC | I4: =VLOOKUP(B4,Sayfa2!A:N,13,0) -> SUV RENAULT DUSTER EVOLUTION MILD HYBRID | J4: =VLOOKUP(B4,Sayfa2!A:AI,35,0) -> H5FA604D011871 | K4: =VLOOKUP(B4,Sayfa2!A:U,21,0) -> HP113621 | L4: =VLOOKUP(B4,Sayfa2!A:U,21,0) -> HP113621
A5: =VLOOKUP(B5,Sayfa2!A:O,15,0) -> 06GCT346 | B5: =Sayfa2!A6 -> BA-280 | C5: =VLOOKUP(B5,Sayfa2!A:G,7,0) -> 1038 | D5: =VLOOKUP(B5,Sayfa2!A:H,8,0) -> 138 | E5: =VLOOKUP(B5,Sayfa2!A:I,9,0) -> 10001038 | F5: =VLOOKUP(B5,Sayfa2!A:J,10,0) -> 1038-01 | G5: =IF(H5="BINEKARAC", 702001, IF(H5="CEKICI", 702002, IF(H5="KAMYON GRP", 702002, IF(H5="SERVISARAC", 702002, IF(H5="KAMYONET", 702011, 702003))))) -> 702001 | H5: =VLOOKUP(B5,Sayfa2!A:K,11,0) -> BINEKARAC | I5: =VLOOKUP(B5,Sayfa2!A:N,13,0) -> OTOMOBİL TOYOTA COROLLA CROSS 1.8 HYBRID | J5: =VLOOKUP(B5,Sayfa2!A:AI,35,0) -> 2ZR3K21305 | K5: =VLOOKUP(B5,Sayfa2!A:U,21,0) -> IM699026 | L5: =VLOOKUP(B5,Sayfa2!A:U,21,0) -> IM699026
A6: =VLOOKUP(B6,Sayfa2!A:O,15,0) -> 06CZN617 | B6: =Sayfa2!A7 -> CKC-035 | C6: =VLOOKUP(B6,Sayfa2!A:G,7,0) -> 1035 | D6: =VLOOKUP(B6,Sayfa2!A:H,8,0) -> 135 | E6: =VLOOKUP(B6,Sayfa2!A:I,9,0) -> 10001035 | F6: =VLOOKUP(B6,Sayfa2!A:J,10,0) -> 1035-01 | G6: =IF(H6="BINEKARAC", 702001, IF(H6="CEKICI", 702002, IF(H6="KAMYON GRP", 702002, IF(H6="SERVISARAC", 702002, IF(H6="KAMYONET", 702011, 702003))))) -> 702002 | H6: =VLOOKUP(B6,Sayfa2!A:K,11,0) -> CEKICI | I6: =VLOOKUP(B6,Sayfa2!A:N,13,0) -> ÇEKİCİ MERCEDES-BENZ ACTROS 1851 | J6: =VLOOKUP(B6,Sayfa2!A:AI,35,0) -> 471926C0652428 | K6: =VLOOKUP(B6,Sayfa2!A:U,21,0) -> GA891383 | L6: =VLOOKUP(B6,Sayfa2!A:U,21,0) -> GA891383
A7: =VLOOKUP(B7,Sayfa2!A:O,15,0) -> 06YON05 | B7: =Sayfa2!A8 -> SAD-001 | C7: =VLOOKUP(B7,Sayfa2!A:G,7,0) -> 1035 | D7: =VLOOKUP(B7,Sayfa2!A:H,8,0) -> 135 | E7: =VLOOKUP(B7,Sayfa2!A:I,9,0) -> 10001035 | F7: =VLOOKUP(B7,Sayfa2!A:J,10,0) -> 1035-01 | G7: =IF(H7="BINEKARAC", 702001, IF(H7="CEKICI", 702002, IF(H7="KAMYON GRP", 702002, IF(H7="SERVISARAC", 702002, IF(H7="KAMYONET", 702011, 702003))))) -> 702003 | H7: =VLOOKUP(B7,Sayfa2!A:K,11,0) -> DORSE GRUP | I7: =VLOOKUP(B7,Sayfa2!A:N,13,0) -> SAL DORSE SCHMITZ 13 -60 | J7: =VLOOKUP(B7,Sayfa2!A:AI,35,0) -> WSMS6080000504500 | K7: =VLOOKUP(B7,Sayfa2!A:U,21,0) -> GF398496 | L7: =VLOOKUP(B7,Sayfa2!A:U,21,0) -> GF398496
A8: =VLOOKUP(B8,Sayfa2!A:O,15,0) -> 34.00.17.17645 | B8: =Sayfa2!A9 -> BKL-011 | C8: =VLOOKUP(B8,Sayfa2!A:G,7,0) -> 1035 | D8: =VLOOKUP(B8,Sayfa2!A:H,8,0) -> 135 | E8: =VLOOKUP(B8,Sayfa2!A:I,9,0) -> 10001035 | F8: =VLOOKUP(B8,Sayfa2!A:J,10,0) -> 1035-01 | G8: =IF(H8="BINEKARAC", 702001, IF(H8="CEKICI", 702002, IF(H8="KAMYON GRP", 702002, IF(H8="SERVISARAC", 702002, IF(H8="KAMYONET", 702011, 702003))))) -> 702003 | H8: =VLOOKUP(B8,Sayfa2!A:K,11,0) -> IS MAKINE | I8: =VLOOKUP(B8,Sayfa2!A:N,13,0) -> BEKO LOADER HIDROMEK HMK 102S | J8: =VLOOKUP(B8,Sayfa2!A:AI,35,0) -> NM75621U291211C | K8: =VLOOKUP(B8,Sayfa2!A:U,21,0) -> B439604 | L8: =VLOOKUP(B8,Sayfa2!A:U,21,0) -> B439604
A9: =VLOOKUP(B9,Sayfa2!A:O,15,0) -> 34.00.12.5839 | B9: =Sayfa2!A10 -> BKL-012 | C9: =VLOOKUP(B9,Sayfa2!A:G,7,0) -> 1038 | D9: =VLOOKUP(B9,Sayfa2!A:H,8,0) -> 138 | E9: =VLOOKUP(B9,Sayfa2!A:I,9,0) -> 10001038 | F9: =VLOOKUP(B9,Sayfa2!A:J,10,0) -> 1038-01 | G9: =IF(H9="BINEKARAC", 702001, IF(H9="CEKICI", 702002, IF(H9="KAMYON GRP", 702002, IF(H9="SERVISARAC", 702002, IF(H9="KAMYONET", 702011, 702003))))) -> 702003 | H9: =VLOOKUP(B9,Sayfa2!A:K,11,0) -> IS MAKINE | I9: =VLOOKUP(B9,Sayfa2!A:N,13,0) -> BEKO LOADER HIDROMEK HMK 102S | J9: =VLOOKUP(B9,Sayfa2!A:AI,35,0) -> NM75147U160838W | K9: =VLOOKUP(B9,Sayfa2!A:U,21,0) -> B334307 | L9: =VLOOKUP(B9,Sayfa2!A:U,21,0) -> B334307
A10: =VLOOKUP(B10,Sayfa2!A:O,15,0) -> 34.00.20.3282 | B10: =Sayfa2!A11 -> BKL-021 | C10: =VLOOKUP(B10,Sayfa2!A:G,7,0) -> 1035 | D10: =VLOOKUP(B10,Sayfa2!A:H,8,0) -> 135 | E10: =VLOOKUP(B10,Sayfa2!A:I,9,0) -> 10001035 | F10: =VLOOKUP(B10,Sayfa2!A:J,10,0) -> 1035-01 | G10: =IF(H10="BINEKARAC", 702001, IF(H10="CEKICI", 702002, IF(H10="KAMYON GRP", 702002, IF(H10="SERVISARAC", 702002, IF(H10="KAMYONET", 702011, 702003))))) -> 702003 | H10: =VLOOKUP(B10,Sayfa2!A:K,11,0) -> IS MAKINE | I10: =VLOOKUP(B10,Sayfa2!A:N,13,0) -> BEKO LOADER HIDROMEK HMK 102S | J10: =VLOOKUP(B10,Sayfa2!A:AI,35,0) -> NM75621U331888F | K10: =VLOOKUP(B10,Sayfa2!A:U,21,0) -> B352494 | L10: =VLOOKUP(B10,Sayfa2!A:U,21,0) -> B352494
A11: =VLOOKUP(B11,Sayfa2!A:O,15,0) -> 34.00.20.9034. | B11: =Sayfa2!A12 -> BTF-001 | C11: =VLOOKUP(B11,Sayfa2!A:G,7,0) -> 1038 | D11: =VLOOKUP(B11,Sayfa2!A:H,8,0) -> 138 | E11: =VLOOKUP(B11,Sayfa2!A:I,9,0) -> 10001038 | F11: =VLOOKUP(B11,Sayfa2!A:J,10,0) -> 1038-01 | G11: =IF(H11="BINEKARAC", 702001, IF(H11="CEKICI", 702002, IF(H11="KAMYON GRP", 702002, IF(H11="SERVISARAC", 702002, IF(H11="KAMYONET", 702011, 702003))))) -> 702003 | H11: =VLOOKUP(B11,Sayfa2!A:K,11,0) -> IS MAKINE | I11: =VLOOKUP(B11,Sayfa2!A:N,13,0) -> BETON FINISHERI POWER CURBER 5700-D | J11: =VLOOKUP(B11,Sayfa2!A:AI,35,0) -> 746271167 | K11: =VLOOKUP(B11,Sayfa2!A:U,21,0) -> B438027 | L11: =VLOOKUP(B11,Sayfa2!A:U,21,0) -> B438027
A12: =VLOOKUP(B12,Sayfa2!A:O,15,0) -> 34.00.13.5612 | B12: =Sayfa2!A13 -> DZR-001 | C12: =VLOOKUP(B12,Sayfa2!A:G,7,0) -> 1038 | D12: =VLOOKUP(B12,Sayfa2!A:H,8,0) -> 138 | E12: =VLOOKUP(B12,Sayfa2!A:I,9,0) -> 10001038 | F12: =VLOOKUP(B12,Sayfa2!A:J,10,0) -> 1038-01 | G12: =IF(H12="BINEKARAC", 702001, IF(H12="CEKICI", 702002, IF(H12="KAMYON GRP", 702002, IF(H12="SERVISARAC", 702002, IF(H12="KAMYONET", 702011, 702003))))) -> 702003 | H12: =VLOOKUP(B12,Sayfa2!A:K,11,0) -> IS MAKINE | I12: =VLOOKUP(B12,Sayfa2!A:N,13,0) -> DOZER KOMATSU D155AX-6 | J12: =VLOOKUP(B12,Sayfa2!A:AI,35,0) -> 538159 | K12: =VLOOKUP(B12,Sayfa2!A:U,21,0) -> A645806 | L12: =VLOOKUP(B12,Sayfa2!A:U,21,0) -> A645806
A13: =VLOOKUP(B13,Sayfa2!A:O,15,0) -> 34.00.16.22897 | B13: =Sayfa2!A14 -> DZR-002 | C13: =VLOOKUP(B13,Sayfa2!A:G,7,0) -> 1035 | D13: =VLOOKUP(B13,Sayfa2!A:H,8,0) -> 135 | E13: =VLOOKUP(B13,Sayfa2!A:I,9,0) -> 10001035 | F13: =VLOOKUP(B13,Sayfa2!A:J,10,0) -> 1035-01 | G13: =IF(H13="BINEKARAC", 702001, IF(H13="CEKICI", 702002, IF(H13="KAMYON GRP", 702002, IF(H13="SERVISARAC", 702002, IF(H13="KAMYONET", 702011, 702003))))) -> 702003 | H13: =VLOOKUP(B13,Sayfa2!A:K,11,0) -> IS MAKINE | I13: =VLOOKUP(B13,Sayfa2!A:N,13,0) -> DOZER CATERPILLAR D7-R2 | J13: =VLOOKUP(B13,Sayfa2!A:AI,35,0) -> 7ZR26598 | K13: =VLOOKUP(B13,Sayfa2!A:U,21,0) -> A619619 | L13: =VLOOKUP(B13,Sayfa2!A:U,21,0) -> A619619
A14: =VLOOKUP(B14,Sayfa2!A:O,15,0) -> 34.00.19.12152 | B14: =Sayfa2!A15 -> DZR-004 | C14: =VLOOKUP(B14,Sayfa2!A:G,7,0) -> 1038 | D14: =VLOOKUP(B14,Sayfa2!A:H,8,0) -> 138 | E14: =VLOOKUP(B14,Sayfa2!A:I,9,0) -> 10001038 | F14: =VLOOKUP(B14,Sayfa2!A:J,10,0) -> 1038-01 | G14: =IF(H14="BINEKARAC", 702001, IF(H14="CEKICI", 702002, IF(H14="KAMYON GRP", 702002, IF(H14="SERVISARAC", 702002, IF(H14="KAMYONET", 702011, 702003))))) -> 702003 | H14: =VLOOKUP(B14,Sayfa2!A:K,11,0) -> IS MAKINE | I14: =VLOOKUP(B14,Sayfa2!A:N,13,0) -> DOZER KOMATSU D155AX-6 | J14: =VLOOKUP(B14,Sayfa2!A:AI,35,0) -> 542581 | K14: =VLOOKUP(B14,Sayfa2!A:U,21,0) -> B359952 | L14: =VLOOKUP(B14,Sayfa2!A:U,21,0) -> B359952
... A115: =VLOOKUP(B115,Sayfa2!A:O,15,0) | B115: =Sayfa2!A116 -> TRE-001 | C115: =VLOOKUP(B115,Sayfa2!A:G,7,0) -> 1035 | D115: =VLOOKUP(B115,Sayfa2!A:H,8,0) -> 135 | E115: =VLOOKUP(B115,Sayfa2!A:I,9,0) -> 10001035 | F115: =VLOOKUP(B115,Sayfa2!A:J,10,0) -> 1035-01 | G115: =IF(H115="BINEKARAC", 702001, IF(H115="CEKICI", 702002, IF(H115="KAMYON GRP", 702002, IF(H115="SERVISARAC", 702002, IF(H115="KAMYONET", 702011, 702003))))) -> 702003 | H115: =VLOOKUP(B115,Sayfa2!A:K,11,0) -> TESIS | I115: =VLOOKUP(B115,Sayfa2!A:N,13,0) -> TOPRAK ELEME AYMAK AGS-1245 | J115: =VLOOKUP(B115,Sayfa2!A:AI,35,0) | K115: =VLOOKUP(B115,Sayfa2!A:U,21,0) | L115: =VLOOKUP(B115,Sayfa2!A:U,21,0)

Sheet Sayfa2
A1: 1 | B1: 2 | C1: 3 | D1: 4 | E1: 5 | F1: 6 | G1: 7 | H1: 8 | I1: 9 | J1: 10 | K1: 11 | L1: 12 | M1: 13 | N1: 14 | O1: 15 | P1: 16 | Q1: 17 | R1: 18 | S1: 19 | T1: 20 | U1: 21 | V1: 22 | W1: 23 | X1: 24 | Y1: 25 | Z1: 26 | AA1: 27 | AB1: 28 | AC1: 29 | AD1: 30 | AE1: 31 | AF1: 32 | AG1: 33 | AH1: 34 | AI1: 35 | AJ1: 36 | AK1: 37 | AL1: 38 | AM1: 39 | AN1: 40 | AO1: 41 | AP1: 42 | AQ1: 43 | AR1: 44 | AS1: 45 | AT1: 46 | AU1: 47
B2: Şirket kodu | C2: BO üretim yeri | D2: Geçerlilik bşl. | E2: Geçerlilik sonu | F2: Aktivite türü | G2: Planlama ÜY | H2: Planlama grubu | I2: Masraf yeri | J2: Sorumlu işyeri | K2: Nesne türü | L2: Ekipman | M2: Tanım | N2: Tip tanımı | O2: Taşıt plaka no. | P2: Üretici | Q2: Yapım yılı | R2: Ekipman tipi | S2: Teknik Nesne Türü | T2: Sistem durumu | U2: Ruhsat Seri No | V2: Taşıt Takip Sistem A | W2: Taşıt Takip IMEI | X2: Leasing Bitiş Tarihi | Y2: ABC göstergesi | Z2: Acenta Bilgisi | AA2: Acenta Bilgisi24 | AB2: Aylık Kullanım Bedel | AC2: Başlangıç Tarihi | AD2: Başlangıç Tarihi27 | AE2: Bitiş Tarihi | AF2: Bitiş Tarihi29 | AG2: Makine Durumu | AH2: Mal Sahibi | AI2: Motor seri no. | AJ2: Per.Muayene bitiş Tr | AK2: Plan Kira PB | AL2: Poliçe No | AM2: Poliçe No36 | AN2: Prim Tutarı | AO2: Prim Tutarı38 | AP2: Ruhsat Sahibi | AQ2: Satınalma dğr. | AR2: Satınalma trh. | AS2: Sigorta Sirketi | AT2: Sigorta Sirketi43 | AU2: Ş
A3: =L3 -> BA-090 | B3: 1000 | C3: 1001 | D3: 46207 | E3: 2958465 | F3: EQ2215 | G3: 1035 | H3: 135 | I3: 10001035 | J3: 1035-01 | K3: BINEKARAC | L3: BA-090 | M3: OTOMOBİL FIAT EGEA 1.3 MULTIJET | N3: EGEA | O3: 06CBB253 | P3: FIAT | R3: T | S3: OTOMOBİL | T3: KLNB | U3: FP303298 | W3: 000000000000000000000000000000 | Z3: SERAY SİGORTA ARACILIK HİZM.LT | AA3: SERAY SİGORTA ARACILIK HİZM.LT | AB3: 30000 | AC3: 45942 | AD3: 45911 | AE3: 46307 | AF3: 46276 | AG3: GRUP MAKİNELERİ | AH3: KLV A.Ş. | AJ3: 46580 | AK3: TRY | AL3: 1830953310 | AM3: 1818196471 | AN3: 8640.47 | AO3: 8640.47 | AP3: KLV A.Ş. | AQ3: 770000 | AR3: 45191 | AS3: SER-AY SİGORTA ARACILIK HİZM. | AT3: SER-AY SİGORTA ARACILIK HİZM. | AU3: ZFA35600006S14994
A4: =L4 -> BA-254 | B4: 1000 | C4: 1001 | D4: 46119 | E4: 2958465 | F4: EQ3489 | G4: 1035 | H4: 135 | I4: 10001035 | J4: 1035-01 | K4: BINEKARAC | L4: BA-254 | M4: SUV RENAULT DUSTER EVOLUTION MILD HYBRID | N4: DUSTER | O4: 06EZE162 | P4: RENAULT | Q4: 2024 | R4: T | S4: SUV | T4: KLNB | U4: HP113619 | W4: 000000000000000000000000000000 | Z4: SERAY SİGORTA ARACILIK HİZM.LT | AA4: SERAY SİGORTA ARACILIK HİZM.LT | AB4: 0 | AC4: 46018 | AD4: 46018 | AE4: 46383 | AF4: 46276 | AG4: GRUP MAKİNELERİ | AH4: KLV A.Ş. | AI4: H5FA604D011963 | AJ4: 46727 | AL4: 1864377720 | AM4: 1854673610 | AN4: 8780.02 | AO4: 12681.09 | AP4: KLV A.Ş. | AQ4: 1480000 | AR4: 45652 | AS4: SER-AY SİGORTA ARACILIK HİZM. | AT4: SER-AY SİGORTA ARACILIK HİZM. | AU4: VF1RJF01974008969
A5: =L5 -> BA-256 | B5: 1000 | C5: 1001 | D5: 46234 | E5: 2958465 | F5: EQ3491 | G5: 1038 | H5: 138 | I5: 10001038 | J5: 1038-01 | K5: BINEKARAC | L5: BA-256 | M5: SUV RENAULT DUSTER EVOLUTION MILD HYBRID | N5: DUSTER | O5: 06EZE159 | P5: RENAULT | Q5: 2024 | R5: T | S5: SUV | T5: KLNB | U5: HP113621 | W5: 000000000000000000000000000000 | Z5: SERAY SİGORTA ARACILIK HİZM.LT | AA5: SERAY SİGORTA ARACILIK HİZM.LT | AB5: 0 | AC5: 46018 | AD5: 46018 | AE5: 46383 | AF5: 46276 | AG5: GRUP MAKİNELERİ | AH5: KLV A.Ş. | AI5: H5FA604D011871 | AJ5: 46727 | AL5: 1864383960 | AM5: 1854678950 | AN5: 8780.02 | AO5: 12681.09 | AP5: KLV A.Ş. | AQ5: 1480000 | AR5: 45652 | AS5: SER-AY SİGORTA ARACILIK HİZM. | AT5: SER-AY SİGORTA ARACILIK HİZM. | AU5: VF1RJF01074008956
A6: =L6 -> BA-280 | B6: 1000 | C6: 1001 | D6: 46239 | E6: 2958465 | F6: EQ3884 | G6: 1038 | H6: 138 | I6: 10001038 | J6: 1038-01 | K6: BINEKARAC | L6: BA-280 | M6: OTOMOBİL TOYOTA COROLLA CROSS 1.8 HYBRID | N6: COROLLA CROSS 1.8 HY | O6: 06GCT346 | P6: TOYOTA | Q6: 2026 | R6: T | S6: OTOMOBİL | T6: KLNB | U6: IM699026 | W6: 000000000000000000000000000000 | AB6: 0 | AG6: GRUP MAKİNELERİ | AH6: KLV A.Ş. | AI6: 2ZR3K21305 | AJ6: 47233 | AN6: 0 | AO6: 0 | AP6: ALBARAKA TÜRK KATILIM BANKASI | AQ6: 2550000 | AR6: 46234 | AU6: JTNADADB709036009
A7: =L7 -> CKC-035 | B7: 1000 | C7: 1001 | D7: 46190 | E7: 2958465 | F7: EQ2506 | G7: 1035 | H7: 135 | I7: 10001035 | J7: 1035-01 | K7: CEKICI | L7: CKC-035 | M7: ÇEKİCİ MERCEDES-BENZ ACTROS 1851 | N7: ACTROS 1851 | O7: 06CZN617 | P7: MERCEDES-BENZ | Q7: 2021 | R7: T | S7: ÇEKİCİ | T7: KLNB | U7: GA891383 | W7: 000000000000000000000000000000 | Z7: SERAY SİGORTA ARACILIK HİZM.LT | AA7: SERAY SİGORTA ARACILIK HİZM.LT | AB7: 250000 | AC7: 46143 | AD7: 45911 | AE7: 46503 | AF7: 46276 | AG7: GRUP MAKİNELERİ | AH7: KLV A.Ş. | AI7: 471926C0652428 | AJ7: 46601 | AK7: TRY | AL7: 1928830850 | AM7: 1818210391 | AN7: 48473.01 | AO7: 44068.46 | AP7: FİBA BANKA ANKARA KURUMSAL ŞUB | AQ7: 4100000 | AR7: 45183 | AS7: SER-AY SİGORTA ARACILIK HİZM. | AT7: SER-AY SİGORTA ARACILIK HİZM. | AU7: NMB96340312210319
A8: =L8 -> SAD-001 | B8: 1000 | C8: 1001 | D8: 46190 | E8: 2958465 | F8: EQ1710 | G8: 1035 | H8: 135 | I8: 10001035 | J8: 1035-01 | K8: DORSE GRUP | L8: SAD-001 | M8: SAL DORSE SCHMITZ 13 -60 | N8: SPR24 | O8: 06YON05 | P8: SCHMITZ | Q8: 2003 | R8: T | S8: SAL DORSE | T8: KLNB | U8: GF398496 | V8: YOK | W8: 000000000000000000000000000000 | Z8: RÖMORK/ TRAFIK YOK | AA8: SERAY SİGORTA ARACILIK HİZM.LT | AB8: 0 | AD8: 45911 | AF8: 46276 | AG8: GRUP MAKİNELERİ | AH8: KLV A.Ş. | AI8: WSMS6080000504500 | AJ8: 46400 | AM8: 1818285271 | AN8: 0 | AO8: 9500.01 | AP8: KLV A.Ş. | AQ8: 350000 | AR8: 45189 | AT8: SER-AY SİGORTA ARACILIK HİZM. | AU8: 6816
A9: =L9 -> BKL-011 | B9: 1000 | C9: 1001 | D9: 46252 | E9: 2958465 | F9: EQ0197 | G9: 1035 | H9: 135 | I9: 10001035 | J9: 1035-01 | K9: IS MAKINE | L9: BKL-011 | M9: BEKO LOADER HIDROMEK HMK 102S | N9: HMK 102S ALPHA | O9: 34.00.17.17645 | P9: HIDROMEK | Q9: 2017 | R9: T | S9: BEKO LOADER | T9: KLNB | U9: B439604 | V9: YOK | W9: 000000000000000000000000000000 | Z9: SERAY SİGORTA ARACILIK HİZM.LT | AA9: SERAY SİGORTA ARACILIK HİZMET | AB9: 110000 | AC9: 45231 | AD9: 44074 | AE9: 45595 | AF9: 44439 | AG9: GRUP MAKİNELERİ | AH9: KLV A.Ş. | AI9: NM75621U291211C | AK9: TRY | AL9: 1487291823 | AM9: 178108620 | AN9: 3030 | AO9: 0 | AP9: KLV A.Ş. | AQ9: 2200000 | AR9: 45183 | AS9: SER-AY SİGORTA ARACILIK HİZM. | AU9: HMK102SHA2S092050
A10: =L10 -> BKL-012 | B10: 1000 | C10: 1001 | D10: 46244 | E10: 2958465 | F10: EQ0198 | G10: 1038 | H10: 138 | I10: 10001038 | J10: 1038-01 | K10: IS MAKINE | L10: BKL-012 | M10: BEKO LOADER HIDROMEK HMK 102S | N10: HMK 102S ALPHA | O10: 34.00.12.5839 | P10: HIDROMEK | Q10: 2012 | R10: T | S10: BEKO LOADER | T10: KLNB | U10: B334307 | V10: YOK | W10: 000000000000000000000000000000 | Z10: SER-AY SİGORTA ARACILIK HİZME | AA10: SERAY SİGORTA ARACILIK HİZMET | AB10: 110000 | AC10: 45960 | AD10: 44074 | AE10: 46325 | AF10: 44439 | AG10: GRUP MAKİNELERİ | AH10: KLV A.Ş. | AI10: NM75147U160838W | AK10: TRY | AL10: 1840647551 | AM10: 178108620 | AN10: 11361 | AO10: 0 | AP10: KLV A.Ş. | AQ10: 1500000 | AR10: 45183 | AS10: SER-AY SİGORTA ARACILIK HİZM. | AU10: HMK102STV35A80339
A11: =L11 -> BKL-021 | B11: 1000 | C11: 1001 | D11: 46223 | E11: 2958465 | F11: EQ0207 | G11: 1035 | H11: 135 | I11: 10001035 | J11: 1035-01 | K11: IS MAKINE | L11: BKL-021 | M11: BEKO LOADER HIDROMEK HMK 102S | N11: HMK 102S | O11: 34.00.20.3282 | P11: HIDROMEK | Q11: 2020 | R11: T | S11: BEKO LOADER | T11: KLNB | U11: B352494 | V11: YOK | W11: 000000000000000000000000000000 | X11: 45657 | Z11: HDİ SİGORTA A.Ş. | AA11: SERAY SİGORTA ARACILIK HİZM.LT | AB11: 110000 | AC11: 45901 | AD11: 45011 | AE11: 46255 | AF11: 45377 | AG11: GRUP MAKİNELERİ | AH11: KLV A.Ş. | AI11: NM75621U331888F | AK11: TRY | AL11: 912174448 | AM11: 1154345923 | AN11: 12346.44 | AO11: 2593.45 | AP11: TÜRKİYE FİNANS KATILIM BANKASI | AQ11: 2900000 | AR11: 45183 | AS11: HDI SİGORTA | AT11: SER-AY SİGORTA ARACILIK HİZM. | AU11: HMK102SLP2S093180
A12: =L12 -> BTF-001 | B12: 1000 | C12: 1001 | D12: 46253 | E12: 2958465 | F12: EQ0217 | G12: 1038 | H12: 138 | I12: 10001038 | J12: 1038-01 | K12: IS MAKINE | L12: BTF-001 | M12: BETON FINISHERI POWER CURBER 5700-D | N12: 5700-D | O12: 34.00.20.9034. | P12: POWER CURBER | Q12: 2020 | R12: T | S12: BETON FİNİŞERİ | T12: KLNB | U12: B438027 | V12: YOK | W12: 000000000000000000000000000000 | AA12: SERAY SİGORTA ARACILIK HİZMET | AB12: 350000 | AD12: 44074 | AF12: 44439 | AG12: GRUP MAKİNELERİ | AH12: KLV A.Ş. | AI12: 746271167 | AK12: TRY | AM12: 178108620 | AN12: 0 | AO12: 0 | AP12: KLV A.Ş. | AQ12: 350000 | AR12: 45183 | AU12: 57D01-20-0543023
A13: =L13 -> DZR-001 | B13: 1000 | C13: 1001 | D13: 46253 | E13: 2958465 | F13: EQ0526 | G13: 1038 | H13: 138 | I13: 10001038 | J13: 1038-01 | K13: IS MAKINE | L13: DZR-001 | M13: DOZER KOMATSU D155AX-6 | N13: D155AX-6 | O13: 34.00.13.5612 | P13: KOMATSU | Q13: 2011 | R13: T | S13: DOZER | T13: KLNB | U13: A645806 | V13: YOK | W13: 000000000000000000000000000000 | AA13: SERAY SİGORTA ARACILIK HİZMET | AB13: 450000 | AD13: 44074 | AF13: 44439 | AG13: GRUP MAKİNELERİ | AH13: KLV A.Ş. | AI13: 538159 | AK13: TRY | AM13: 178108620 | AN13: 0 | AO13: 0 | AP13: KLV A.Ş. | AQ13: 260000 | AR13: 45185 | AU13: 81432
A14: =L14 -> DZR-002 | B14: 1000 | C14: 1001 | D14: 46107 | E14: 2958465 | F14: EQ0527 | G14: 1035 | H14: 135 | I14: 10001035 | J14: 1035-01 | K14: IS MAKINE | L14: DZR-002 | M14: DOZER CATERPILLAR D7-R2 | N14: D7-R2 | O14: 34.00.16.22897 | P14: CATERPILLAR | Q14: 2011 | R14: T | S14: DOZER | T14: KLNB | U14: A619619 | V14: YOK | W14: 000000000000000000000000000000 | AA14: SERAY SİGORTA ARACILIK HİZMET | AB14: 400000 | AD14: 44074 | AF14: 44439 | AG14: GRUP MAKİNELERİ | AH14: KLV A.Ş. | AI14: 7ZR26598 | AK14: TRY | AM14: 178108620 | AN14: 0 | AO14: 0 | AP14: KLV A.Ş. | AQ14: 160000 | AR14: 45236 | AU14: BRM01017
A15: =L15 -> DZR-004 | B15: 1000 | C15: 1001 | D15: 46244 | E15: 2958465 | F15: EQ0529 | G15: 1038 | H15: 138 | I15: 10001038 | J15: 1038-01 | K15: IS MAKINE | L15: DZR-004 | M15: DOZER KOMATSU D155AX-6 | N15: D155AX-6 | O15: 34.00.19.12152 | P15: KOMATSU | Q15: 2019 | R15: T | S15: DOZER | T15: KLNB | U15: B359952 | V15: YOK | W15: 000000000000000000000000000000 | X15: 45322 | AA15: SERAY SİGORTA ARACILIK HİZMET | AB15: 450000 | AD15: 44074 | AF15: 44439 | AG15: GRUP MAKİNELERİ | AH15: KLV A.Ş. | AI15: 542581 | AK15: TRY | AM15: 178108620 | AN15: 0 | AO15: 0 | AP15: KLV A.Ş. | AQ15: 260000 | AR15: 45185 | AU15: 82152
A16: =L16 -> EKS-011 | B16: 1000 | C16: 1001 | D16: 46255 | E16: 2958465 | F16: EQ0564 | G16: 1038 | H16: 138 | I16: 10001038 | J16: 1038-01 | K16: IS MAKINE | L16: EKS-011 | M16: EKSCAVATOR HITACHI ZX 490 H-5A | N16: ZX 490 H-5A | O16: 34.00.17.5310 | P16: HITACHI | Q16: 2017 | R16: T | S16: EKSCAVATÖR | T16: KLNB | U16: B439613 | V16: YOK | W16: 000000000000000000000000000000 | X16: 44316 | AA16: SERAY SİGORTA ARACILIK HİZMET | AB16: 350000 | AD16: 44074 | AF16: 44439 | AG16: GRUP MAKİNELERİ | AH16: KLV A.Ş. | AI16: 527895 | AK16: TRY | AM16: 178109420 | AN16: 0 | AO16: 0 | AP16: KLV A.Ş. | AQ16: 230000 | AR16: 45236 | AU16: HCMJAE90K00060169
A17: =L17 -> EKS-013 | B17: 1000 | C17: 1001 | D17: 46261 | E17: 2958465 | F17: EQ0566 | G17: 1035 | H17: 135 | I17: 10001035 | J17: 1035-01 | K17: IS MAKINE | L17: EKS-013 | M17: EKSCAVATOR HITACHI ZX 210 H-5A | N17: ZX 210 H-5A | O17: 34.00.17.5313 | P17: HITACHI | Q17: 2017 | R17: T | S17: EKSCAVATÖR | T17: KLNB | U17: B321974 | V17: YOK | W17: 000000000000000000000000000000 | X17: 44316 | Z17: SERAY SİGORTA ARACILIK HİZM.LT | AA17: SERAY SİGORTA ARACILIK HİZMET | AB17: 200000 | AC17: 46169 | AD17: 44074 | AE17: 46534 | AF17: 44439 | AG17: GRUP MAKİNELERİ | AH17: PROYAP A.Ş. | AI17: 747628 | AK17: TRY | AL17: 1962985630 | AM17: 178109420 | AN17: 9984 | AO17: 0 | AP17: TÜRKİYE FİNANS KATILIM BANKASI | AQ17: 3100000 | AR17: 45236 | AS17: SER-AY SİGORTA ARACILIK HİZM. | AU17: HCMDCX92E00300187
A18: =L18 -> FRK-005 | B18: 1000 | C18: 1001 | D18: 46261 | E18: 2958465 | F18: EQ2901 | G18: 1035 | H18: 135 | I18: 10001035 | J18: 1035-01 | K18: IS MAKINE | L18: FRK-005 | M18: FORKLIFT JCB TELEHANDLER | N18: 540V180 | O18: 34.00.23.12753 | Q18: 2023 | R18: T | S18: FORKLİFT | T18: KLNB | U18: B352498 | W18: 000000000000000000000000000000 | AB18: 200000 | AG18: GRUP MAKİNELERİ | AH18: KLV A.Ş. | AI18: 41840U1129223 | AK18: TRY | AN18: 0 | AO18: 0 | AP18: TÜRKİYE FİNANS KATILIM BANKASI | AQ18: 140000 | AR18: 45236 | AU18: JCB5RANGLP3241618
A19: =L19 -> GRY-009 | B19: 1000 | C19: 1001 | D19: 46226 | E19: 2958465 | F19: EQ0625 | G19: 1035 | H19: 135 | I19: 10001035 | J19: 1035-01 | K19: IS MAKINE | L19: GRY-009 | M19: GREYDER CATERPILLAR 12 H | N19: 12 H | O19: 34.00.13.3087 | P19: CATERPILLAR | Q19: 2000 | R19: T | S19: GREYDER | T19: KLNB | U19: A582318 | V19: YOK | W19: 000000000000000000000000000000 | Z19: SERAY SİGORTA ARACILIK HİZM.LT | AA19: SERAY SİGORTA ARACILIK HİZMET | AB19: 250000 | AC19: 44725 | AD19: 44074 | AE19: 45090 | AF19: 44439 | AG19: GRUP MAKİNELERİ | AH19: KLV A.Ş. | AI19: 6NC17431 | AK19: TRY | AL19: 1276888322 | AM19: 178111020 | AN19: 1803.45 | AO19: 0 | AP19: KLV A.Ş. | AQ19: 110000 | AR19: 45185 | AS19: SER-AY SİGORTA ARACILIK HİZM. | AU19: 2GS00418
A20: =L20 -> GRY-010 | B20: 1000 | C20: 1001 | D20: 46254 | E20: 2958465 | F20: EQ0626 | G20: 1038 | H20: 138 | I20: 10001038 | J20: 1038-01 | K20: IS MAKINE | L20: GRY-010 | M20: GREYDER CATERPILLAR 12 H | N20: 12 H | O20: 34.00.11.3626 | P20: CATERPILLAR | Q20: 2005 | R20: T | S20: GREYDER | T20: KLNB | U20: A412128 | V20: YOK | W20: 000000000000000000000000000000 | Z20: SERAY SİGORTA ARACILIK HİZM.LT | AA20: SERAY SİGORTA ARACILIK HİZMET | AB20: 250000 | AC20: 45313 | AD20: 44074 | AE20: 45679 | AF20: 44439 | AG20: GRUP MAKİNELERİ | AH20: KLV A.Ş. | AI20: 4ZF18367 | AK20: TRY | AL20: 1038381224 | AM20: 178111020 | AN20: 9221 | AO20: 0 | AP20: KLV A.Ş. | AQ20: 120000 | AR20: 45185 | AS20: SER-AY SİGORTA ARACILIK HİZM. | AU20: AMZ00670
A21: =L21 -> KIR-906 | B21: 1000 | C21: 1035 | D21: 46216 | E21: 2958465 | F21: EQ3587 | G21: 1035 | H21: 135 | I21: 10001035 | J21: 1035-01 | K21: IS MAKINE | L21: KIR-906 | M21: EKSCAVATOR CATERPILLAR 336 D | N21: 336 D | O21: 34.00.11.4461 | P21: CATERPILLAR | Q21: 2011 | R21: T | S21: EKSCAVATÖR | T21: KLNB | W21: 000000000000000000000000000000 | AB21: 0 | AG21: KİRALIK | AH21: MTD İŞ MAKİNALARI MÜH. SAN.TİC | AN21: 0 | AO21: 0 | AP21: MTD İŞ MAKİNALARI MÜH. SAN.TİC | AQ21: 0 | AU21: 308316/0PPN00510
A22: =L22 -> KIR-989 | B22: 1000 | C22: 1035 | D22: 46216 | E22: 2958465 | F22: EQ3793 | G22: 1035 | H22: 135 | I22: 10001035 | J22: 1035-01 | K22: IS MAKINE | L22: KIR-989 | M22: EKSCAVATOR HITACHI ZX490LCH-5A | N22: ZX490LCH-5A | P22: HITACHI | Q22: 2020 | R22: T | S22: EKSCAVATÖR | T22: KLNB | W22: 000000000000000000000000000000 | AB22: 0 | AG22: KİRALIK | AH22: AFS İŞ MAKİNELERİ YEDEK PARÇA | AN22: 0 | AO22: 0 | AP22: AFS İŞ MAKİNELERİ YEDEK PARÇA | AQ22: 0 | AU22: HCMJAE91L0061080
A23: =L23 -> LEKS-004 | B23: 1000 | C23: 1001 | D23: 46247 | E23: 2958465 | F23: EQ3082 | G23: 1038 | H23: 138 | I23: 10001038 | J23: 1038-01 | K23: IS MAKINE | L23: LEKS-004 | M23: LASTİKLİ EKSCAVATOR HİDROMEK 210W-5 | N23: 210W-5 | O23: 34.00.23.26389 | P23: HİDROMEK | Q23: 2023 | R23: T | S23: EKSCAVATÖR-LASTİKLİ | T23: KLNB | U23: B398363 | W23: 000000000000000000000000000000 | Z23: SERAY SİGORTA ARACILIK HİZM.LT | AB23: 200000 | AC23: 45980 | AE23: 46345 | AG23: GRUP MAKİNELERİ | AH23: KLV A.Ş. | AI23: 864694 | AK23: TRY | AL23: 1849647300 | AN23: 9562.5 | AO23: 0 | AP23: KLV A.Ş. | AQ23: 180000 | AR23: 45280 | AS23: SER-AY SİGORTA ARACILIK HİZM. | AU23: HMKH2280CP1225032
A24: =L24 -> LSY-001 | B24: 1000 | C24: 1001 | D24: 46244 | E24: 2958465 | F24: EQ1522 | G24: 1038 | H24: 138 | I24: 10001038 | J24: 1038-01 | K24: IS MAKINE | L24: LSY-001 | M24: LASTİKLİ YÜKLEYİCİ CATERPILLAR 950 GC | N24: 950 GC | O24: 34.00.17.13704 | P24: CATERPILLAR | Q24: 2016 | R24: T | S24: LASTİKLİ YÜKLEYİCİ | T24: KLNB | U24: A489379 | V24: YOK | W24: 000000000000000000000000000000 | X24: 44408 | Z24: SERAY SİGORTA ARACILIK HİZM.LT | AA24: SERAY SİGORTA ARACILIK HİZMET | AB24: 320000 | AC24: 45757 | AD24: 44074 | AE24: 46122 | AF24: 44439 | AG24: GRUP MAKİNELERİ | AH24: KLV A.Ş. | AI24: E7A05139 | AK24: TRY | AL24: 1757074560 | AM24: 178108620 | AN24: 5766 | AO24: 0 | AP24: GARANTİ FİNANSAL KİRALAMA ANOM | AQ24: 140000 | AR24: 45183 | AS24: SER-AY SİGORTA ARACILIK HİZM. | AU24: M5K01030
A25: =L25 -> LSY-003 | B25: 2000 | C25: 2001 | D25: 46269 | E25: 2958465 | F25: EQ1524 | G25: 1035 | H25: 135 | I25: 10001035 | J25: 1035-01 | K25: IS MAKINE | L25: LSY-003 | M25: LASTİKLİ YÜKLEYİCİ KOMATSU WA380-3 T3 A | N25: WA380-3 T3 A | O25: 34.00.18.8856 | P25: KOMATSU | Q25: 2018 | R25: T | S25: LASTİKLİ YÜKLEYİCİ | T25: KLNB | U25: B319167 | V25: YOK | W25: 000000000000000000000000000000 | Z25: SERAY SİGORTA ARACILIK HİZM.LT | AA25: SERAY SİGORTA ARACILIK HİZMET | AB25: 320000 | AC25: 45061 | AD25: 44074 | AE25: 45427 | AF25: 44439 | AG25: GRUP MAKİNELERİ | AH25: PROYAP A.Ş. | AI25: 26680299 | AK25: TRY | AL25: 1243984023 | AM25: 178109420 | AN25: 5517.45 | AO25: 0 | AP25: GARANTİ FİNANSAL KİRALAMA ANOM | AQ25: 160000 | AR25: 45183 | AS25: SER-AY SİGORTA ARACILIK HİZM. | AU25: 67773
A26: =L26 -> LSY-008 | B26: 1000 | C26: 1001 | D26: 46107 | E26: 2958465 | F26: EQ1529 | G26: 1035 | H26: 135 | I26: 10001035 | J26: 1035-01 | K26: IS MAKINE | L26: LSY-008 | M26: LASTİKLİ YÜKLEYİCİ KAWASAKI 90Z6 | N26: 90Z6 | O26: 34.00.16.21270 | P26: KAWASAKI | Q26: 2016 | R26: T | S26: LASTİKLİ YÜKLEYİCİ | T26: KLNB | U26: B321959 | V26: YOK | W26: 000000000000000000000000000000 | Z26: SERAY SİGORTA ARACILIK HİZM.LT | AA26: SERAY SİGORTA ARACILIK HİZMET | AB26: 320000 | AC26: 46169 | AD26: 44074 | AE26: 46534 | AF26: 44439 | AG26: GRUP MAKİNELERİ | AH26: KLV A.Ş. | AI26: 35337278 | AK26: TRY | AL26: 1962981750 | AM26: 178108620 | AN26: 9984 | AO26: 0 | AP26: TÜRKİYE FİNANS KATILIM BANKASI | AQ26: 185000 | AR26: 45183 | AS26: SER-AY SİGORTA ARACILIK HİZM. | AU26: 90C79020
A27: =L27 -> MNY-005 | B27: 1000 | C27: 1001 | D27: 46205 | E27: 2958465 | F27: EQ1581 | G27: 1035 | H27: 135 | I27: 10001035 | J27: 1035-01 | K27: IS MAKINE | L27: MNY-005 | M27: MİNİ YÜKLEYİCİ MUSTANG SL 2076 DXT | N27: SL 2076 DXT | O27: 34.00.15.4767 | P27: MUSTANG | Q27: 2011 | R27: T | S27: MİNİ YÜKLEYİCİ | T27: KLNB | U27: A610274 | V27: YOK | W27: 000000000000000000000000000000 | Z27: SERAY SİGORTA ARACILIK HİZM.LT | AA27: SERAY SİGORTA ARACILIK HİZMET | AB27: 70000 | AC27: 44830 | AD27: 44074 | AE27: 45195 | AF27: 44439 | AG27: GRUP MAKİNELERİ | AH27: KLV A.Ş. | AI27: H8825 | AK27: TRY | AL27: 1473692222 | AM27: 178109720 | AN27: 3384.45 | AO27: 0 | AP27: KLV A.Ş. | AQ27: 350000 | AR27: 45189 | AS27: SER-AY SİGORTA ARACILIK HİZM. | AU27: NMC02076B00006211
A28: =L28 -> TSL-003 | B28: 1000 | C28: 1001 | D28: 46252 | E28: 2958465 | F28: EQ1828 | G28: 1035 | H28: 135 | I28: 10001035 | J28: 1035-01 | K28: IS MAKINE | L28: TSL-003 | M28: TOPRAK SİLİNDİRİ BOMAG BW 213 D-5 | N28: BW 213 D-5 | O28: 34.00.17.6419 | P28: BOMAG | Q28: 2017 | R28: T | S28: TOPRAK SİLİNDİRİ | T28: KLNB | U28: B439608 | V28: YOK | W28: 000000000000000000000000000000 | Z28: SERAY SİGORTA ARACILIK HİZM.LT | AA28: SERAY SİGORTA ARACILIK HİZMET | AB28: 110000 | AC28: 45430 | AD28: 44074 | AE28: 45795 | AF28: 44439 | AG28: GRUP MAKİNELERİ | AH28: KLV A.Ş. | AI28: 11995399 | AK28: TRY | AL28: 1220068424 | AM28: 178109420 | AN28: 4330 | AO28: 0 | AP28: KLV A.Ş. | AQ28: 80000 | AR28: 45189 | AS28: SER-AY SİGORTA ARACILIK HİZM. | AU28: 101586481122
A29: =L29 -> TSL-008 | B29: 1000 | C29: 1001 | D29: 46244 | E29: 2958465 | F29: EQ1833 | G29: 1038 | H29: 138 | I29: 10001038 | J29: 1038-01 | K29: IS MAKINE | L29: TSL-008 | M29: TOPRAK SİLİNDİRİ BOMAG BW 216 D-5 | N29: BW 216 D-5 | O29: 34.00.17.22082 | P29: BOMAG | Q29: 2017 | R29: T | S29: TOPRAK SİLİNDİRİ | T29: KLNB | U29: B334300 | V29: YOK | W29: 000000000000000000000000000000 | Z29: SERAY SİGORTA ARACILIK HİZM.LT | AA29: SERAY SİGORTA ARACILIK HİZMET | AB29: 110000 | AC29: 45990 | AD29: 44074 | AE29: 46355 | AF29: 44439 | AG29: GRUP MAKİNELERİ | AH29: KLV A.Ş. | AI29: 12064512 | AK29: TRY | AL29: 1854050220 | AM29: 178108620 | AN29: 10198.98 | AO29: 0 | AP29: KLV A.Ş. | AQ29: 90000 | AR29: 45189 | AS29: SER-AY SİGORTA ARACILIK HİZM. | AU29: 101586261107
A30: =L30 -> TSL-020 | B30: 1000 | C30: 1001 | D30: 46266 | E30: 2958465 | F30: EQ1845 | G30: 1038 | H30: 138 | I30: 10001038 | J30: 1038-01 | K30: IS MAKINE | L30: TSL-020 | M30: TOPRAK SİLİNDİRİ BOMAG BW213DH-5 | N30: BW213DH-5 | O30: 34.00.20.3985 | P30: BOMAG | Q30: 2020 | R30: T | S30: TOPRAK SİLİNDİRİ | T30: KLNB | U30: B334132 | V30: YOK | W30: 000000000000000000000000000000 | X30: 45777 | Z30: SER-AY SİGORTA ARACILIK HİZME | AA30: SERAY SİGORTA ARACILIK HİZMET | AB30: 110000 | AC30: 45960 | AD30: 44074 | AE30: 46325 | AF30: 44439 | AG30: GRUP MAKİNELERİ | AH30: KLV A.Ş. | AI30: 12403069 | AK30: TRY | AL30: 1840658710 | AM30: 178108620 | AN30: 6312 | AO30: 0 | AP30: KLV A.Ş. | AQ30: 95000 | AR30: 45189 | AS30: SER-AY SİGORTA ARACILIK HİZM. | AU30: 101586721013
A31: =L31 -> LTW-010 | B31: 1000 | C31: 1001 | D31: 46126 | E31: 2958465 | F31: EQ1547 | G31: 1035 | H31: 135 | I31: 10001035 | J31: 1035-01 | K31: ISIK KULE | L31: LTW-010 | M31: AYDINLATMA KULESİ CHICAGO PNEUMATIC | N31: CPLT V15 MH - 5.4 KW | O31: WUX916185 | P31: CHICAGO PNEUMATIC | Q31: 2018 | R31: T | S31: AYDINLATMA KULESİ | T31: KLNB | V31: YOK | W31: 000000000000000000000000000000 | AB31: 25000 | AG31: GRUP MAKİNELERİ | AH31: KLV A.Ş. | AK31: TRY | AN31: 0 | AO31: 0 | AP31: KLV A.Ş. | AQ31: 0 | AU31: WUX916185
A32: =L32 -> LTW-013 | B32: 1000 | C32: 1001 | D32: 46128 | E32: 2958465 | F32: EQ1550 | G32: 1035 | H32: 135 | I32: 10001035 | J32: 1035-01 | K32: ISIK KULE | L32: LTW-013 | M32: AYDINLATMA KULESİ WACKER NEUSON 8 KW | N32: LTS8L - 8 KW - DIZEL | O32: 18201141 | P32: WACKER NEUSON | Q32: 2019 | R32: T | S32: AYDINLATMA KULESİ | T32: KLNB | V32: YOK | W32: 000000000000000000000000000000 | AB32: 25000 | AG32: GRUP MAKİNELERİ | AH32: KLV A.Ş. | AI32: 4909501006 (KOHLER KDW1003GE) | AK32: TRY | AN32: 0 | AO32: 0 | AP32: KLV A.Ş. | AQ32: 0 | AU32: 18201141
A33: =L33 -> LTW-017 | B33: 1000 | C33: 1001 | D33: 46128 | E33: 2958465 | F33: EQ1553 | G33: 1035 | H33: 135 | I33: 10001035 | J33: 1035-01 | K33: ISIK KULE | L33: LTW-017 | M33: AYDINLATMA KULESİ CHICAGO PNEUMATIC | N33: CPLT V15 MH - 5.4 KW | O33: WUX916188 | P33: CHICAGO PNEUMATIC | Q33: 2018 | R33: T | S33: AYDINLATMA KULESİ | T33: KLNB | V33: YOK | W33: 000000000000000000000000000000 | AB33: 25000 | AG33: GRUP MAKİNELERİ | AH33: KLV A.Ş. | AK33: TRY | AN33: 0 | AO33: 0 | AP33: KLV A.Ş. | AQ33: 0 | AU33: WUX916185
A34: =L34 -> LTW-026 | B34: 1000 | C34: 1001 | D34: 46261 | E34: 2958465 | F34: EQ3927 | G34: 1038 | H34: 138 | I34: 10001038 | J34: 1038-01 | K34: ISIK KULE | L34: LTW-026 | M34: AYDINLATMA KULESİ ITALTOWER FENIX GEN01 | N34: FENIX GEN01 | P34: ITALTOWER | Q34: 2026 | R34: T | S34: AYDINLATMA KULESİ | T34: KLNB | W34: 000000000000000000000000000000 | AB34: 0 | AG34: GRUP MAKİNELERİ | AH34: KLV A.Ş. | AI34: 5326500216 | AN34: 0 | AO34: 0 | AP34: KLV A.Ş. | AQ34: 0 | AU34: 260462
A35: =L35 -> LTW-027 | B35: 1000 | C35: 1001 | D35: 46261 | E35: 2958465 | F35: EQ3928 | G35: 1038 | H35: 138 | I35: 10001038 | J35: 1038-01 | K35: ISIK KULE | L35: LTW-027 | M35: AYDINLATMA KULESİ ITALTOWER FENIX GEN01 | N35: FENIX GEN01 | P35: ITALTOWER | Q35: 2026 | R35: T | S35: AYDINLATMA KULESİ | T35: KLNB | W35: 000000000000000000000000000000 | AB35: 0 | AG35: GRUP MAKİNELERİ | AH35: KLV A.Ş. | AI35: 5329800136 | AN35: 0 | AO35: 0 | AP35: KLV A.Ş. | AQ35: 0 | AU35: 260464
A36: =L36 -> LTW-028 | B36: 1000 | C36: 1001 | D36: 46261 | E36: 2958465 | F36: EQ3929 | G36: 1038 | H36: 138 | I36: 10001038 | J36: 1038-01 | K36: ISIK KULE | L36: LTW-028 | M36: AYDINLATMA KULESİ ITALTOWER FENIX GEN01 | N36: FENIX GEN01 | P36: ITALTOWER | Q36: 2026 | R36: T | S36: AYDINLATMA KULESİ | T36: KLNB | W36: 000000000000000000000000000000 | AB36: 0 | AG36: GRUP MAKİNELERİ | AH36: KLV A.Ş. | AI36: 5326500266 | AN36: 0 | AO36: 0 | AP36: KLV A.Ş. | AQ36: 0 | AU36: 260465
A37: =L37 -> LTW-029 | B37: 1000 | C37: 1001 | D37: 46261 | E37: 2958465 | F37: EQ3930 | G37: 1038 | H37: 138 | I37: 10001038 | J37: 1038-01 | K37: ISIK KULE | L37: LTW-029 | M37: AYDINLATMA KULESİ ITALTOWER FENIX GEN01 | N37: FENIX GEN01 | P37: ITALTOWER | Q37: 2026 | R37: T | S37: AYDINLATMA KULESİ | T37: KLNB | W37: 000000000000000000000000000000 | AB37: 0 | AG37: GRUP MAKİNELERİ | AH37: KLV A.Ş. | AI37: 5329800376 | AN37: 0 | AO37: 0 | AP37: KLV A.Ş. | AQ37: 0 | AU37: 260466
A38: =L38 -> JNR-014 | B38: 1000 | C38: 1001 | D38: 46112 | E38: 2958465 | F38: EQ0655 | G38: 1035 | H38: 135 | I38: 10001035 | J38: 1035-01 | K38: JENERATOR | L38: JNR-014 | M38: JENERATÖR DİESEL AKSA APD33A 35 KWA | N38: APD33A - 35 KVA -DIZ | O38: JNR-014 | P38: AKSA | Q38: 2017 | R38: T | S38: JENERATÖR | T38: KLNB | V38: YOK | W38: 000000000000000000000000000000 | AB38: 0 | AG38: GRUP MAKİNELERİ | AH38: KLV A.Ş. | AI38: 17001080 | AN38: 0 | AO38: 0 | AP38: KLV A.Ş. | AQ38: 0 | AU38: 17001080
A39: =L39 -> JNR-018 | B39: 1000 | C39: 1001 | D39: 46112 | E39: 2958465 | F39: EQ0659 | G39: 1035 | H39: 135 | I39: 10001035 | J39: 1035-01 | K39: JENERATOR | L39: JNR-018 | M39: JENERATÖR FE POWER FE-Y17 | N39: FE-Y17 | O39: JNR-018 | P39: FE POWER | R39: T | S39: JENERATÖR | T39: KLNB | V39: YOK | W39: 000000000000000000000000000000 | AB39: 0 | AG39: GRUP MAKİNELERİ | AH39: KLV A.Ş. | AN39: 0 | AO39: 0 | AP39: KLV A.Ş. | AQ39: 0 | AU39: EXPBK2020-130
A40: =L40 -> JNR-020 | B40: 1000 | C40: 1001 | D40: 46183 | E40: 2958465 | F40: EQ0661 | G40: 1035 | H40: 135 | I40: 10001035 | J40: 1035-01 | K40: JENERATOR | L40: JNR-020 | M40: AKSA TURBOCHARGER - 800 KVA ( KTA2300 G | N40: TURBOCHARGER - 800 K | O40: H10228 | P40: AKSA | R40: T | S40: JENERATÖR | T40: KLNB | V40: YOK | W40: 000000000000000000000000000000 | AB40: 0 | AG40: GRUP MAKİNELERİ | AH40: KLV A.Ş. | AI40: CUMMIS KTA2300G (33101889) | AN40: 0 | AO40: 0 | AP40: KLV A.Ş. | AQ40: 0 | AU40: H10228
A41: =L41 -> JNR-022 | B41: 1000 | C41: 1001 | D41: 46233 | E41: 2958465 | F41: EQ0663 | G41: 1035 | H41: 135 | I41: 10001035 | J41: 1035-01 | K41: JENERATOR | L41: JNR-022 | M41: ALIMAR ALMRAAA 33 | N41: ALMRAAA 33 | O41: JNR-021 | P41: ALIMAR | Q41: 2020 | R41: T | S41: JENERATÖR | T41: KLNB | V41: YOK | W41: 000000000000000000000000000000 | AB41: 0 | AG41: GRUP MAKİNELERİ | AH41: KLV A.Ş. | AI41: AYD4ND32 (Y190902538) | AN41: 0 | AO41: 0 | AP41: KLV A.Ş. | AQ41: 0 | AU41: 48342/20
A42: =L42 -> JNR-024 | B42: 1000 | C42: 1001 | D42: 46183 | E42: 2958465 | F42: EQ0665 | G42: 1035 | H42: 135 | I42: 10001035 | J42: 1035-01 | K42: JENERATOR | L42: JNR-024 | M42: FULL FR150C - 150 KVA | N42: FR150C - 150 KVA | O42: JNR-024 | P42: FULL | Q42: 2019 | R42: T | S42: JENERATÖR | T42: KLNB | V42: YOK | W42: 000000000000000000000000000000 | AB42: 0 | AG42: GRUP MAKİNELERİ | AH42: KLV A.Ş. | AI42: D-950176E | AN42: 0 | AO42: 0 | AP42: KLV A.Ş. | AQ42: 0 | AU42: 35R0150241283
A43: =L43 -> JNR-039 | B43: 1000 | C43: 1001 | D43: 46270 | E43: 2958465 | F43: EQ2128 | G43: 1038 | H43: 138 | I43: 10001038 | J43: 1038-01 | K43: JENERATOR | L43: JNR-039 | M43: GNT 70 KW JENERATÖR | N43: GNT70 | O43: G120100831 | P43: GEN POWER | Q43: 2012 | R43: M | S43: JENERATÖR | T43: KLNB | W43: 000000000000000000000000000000 | AB43: 0 | AH43: KLV A.Ş. | AN43: 0 | AO43: 0 | AP43: KLV A.Ş. | AQ43: 0
A44: =L44 -> JNR-046 | B44: 1000 | C44: 1001 | D44: 46253 | E44: 2958465 | F44: EQ2835 | G44: 1038 | H44: 138 | I44: 10001038 | J44: 1038-01 | K44: JENERATOR | L44: JNR-046 | M44: JENERATÖR ALIMAR ALMRAAA 36 | N44: ALMRAAA 33 | P44: ALIMAR | Q44: 2023 | R44: M | S44: JENERATÖR | T44: KLNB | U44: 65464/23 | V44: YOK | W44: 000000000000000000000000000000 | AB44: 0 | AG44: GRUP MAKİNELERİ | AH44: PROYAP A.Ş. | AN44: 0 | AO44: 0 | AP44: PROYAP A.Ş. | AQ44: 0 | AU44: 65464/23
A45: =L45 -> KIR-1000 | B45: 1000 | C45: 1035 | D45: 46234 | E45: 2958465 | F45: EQ3804 | G45: 1035 | H45: 135 | I45: 10001035 | J45: 1035-01 | K45: JENERATOR | L45: KIR-1000 | M45: JENERATÖR AKSA 200 KVA CUMMİNS | N45: 200 KVA CUMMİNS | P45: AKSA | Q45: 2013 | R45: T | S45: JENERATÖR | T45: KLNB | W45: 000000000000000000000000000000 | AB45: 0 | AG45: KİRALIK | AH45: TÜM DİZEL | AI45: F345400 | AN45: 0 | AO45: 0 | AP45: TÜM DİZEL | AQ45: 0 | AU45: 87617149
A46: =L46 -> KIR-1002 | B46: 1000 | C46: 1035 | D46: 46234 | E46: 2958465 | F46: EQ3805 | G46: 1035 | H46: 135 | I46: 10001035 | J46: 1035-01 | K46: JENERATOR | L46: KIR-1002 | M46: JENERATÖR İŞBİR SGB 608/407 KVA | N46: SGB 608/407 KVA | P46: İŞBİR | Q46: 1995 | R46: T | S46: JENERATÖR | T46: KLNB | W46: 000000000000000000000000000000 | AB46: 0 | AG46: KİRALIK | AH46: TÜM DİZEL | AI46: F345400 | AN46: 0 | AO46: 0 | AP46: TÜM DİZEL | AQ46: 0 | AU46: 4638
A47: =L47 -> KIR-977 | B47: 1000 | C47: 1035 | D47: 46133 | E47: 2958465 | F47: EQ3717 | G47: 1035 | H47: 135 | I47: 10001035 | J47: 1035-01 | K47: JENERATOR | L47: KIR-977 | M47: JENERATÖR AKSA AC200 200 KVA | N47: AC200 200 KVA | P47: AKSA | R47: T | S47: JENERATÖR | T47: KLNB | W47: 000000000000000000000000000000 | AB47: 0 | AG47: KİRALIK | AH47: TÜM DİZEL | AI47: AK4150 | AN47: 0 | AO47: 0 | AP47: TÜM DİZEL | AQ47: 0 | AU47: 78170578
A48: =L48 -> KIR-978 | B48: 1000 | C48: 1035 | D48: 46133 | E48: 2958465 | F48: EQ3718 | G48: 1035 | H48: 135 | I48: 10001035 | J48: 1035-01 | K48: JENERATOR | L48: KIR-978 | M48: JENERATÖR AKSA AJD200 200 KVA | N48: AJD200 200 KVA | P48: AKSA | R48: T | S48: JENERATÖR | T48: KLNB | W48: 000000000000000000000000000000 | AB48: 0 | AG48: KİRALIK | AH48: TÜM DİZEL | AI48: 1208257 | AN48: 0 | AO48: 0 | AP48: TÜM DİZEL | AQ48: 0 | AU48: B016194
A49: =L49 -> KIR-992 | B49: 1000 | C49: 1035 | D49: 46234 | E49: 2958465 | F49: EQ3802 | G49: 1035 | H49: 135 | I49: 10001035 | J49: 1035-01 | K49: JENERATOR | L49: KIR-992 | M49: JENERATÖR AKSA 200 KVA CUMMİNS | N49: 200 KVA CUMMİNS | P49: AKSA | R49: T | S49: JENERATÖR | T49: KLNB | W49: 000000000000000000000000000000 | AB49: 0 | AG49: KİRALIK | AH49: TÜM DİZEL | AI49: F345400 | AN49: 0 | AO49: 0 | AP49: TÜM DİZEL | AQ49: 0 | AU49: 21192694
A50: =L50 -> KIR-993 | B50: 1000 | C50: 1035 | D50: 46253 | E50: 2958465 | F50: EQ3921 | G50: 1035 | H50: 135 | I50: 10001035 | J50: 1035-01 | K50: JENERATOR | L50: KIR-993 | M50: JENERATÖR AKSA AC200 | N50: AC200 | P50: AKSA | Q50: 2010 | R50: T | S50: JENERATÖR | T50: KLNB | W50: 000000000000000000000000000000 | AB50: 0 | AG50: KİRALIK | AH50: TÜM DİZEL | AI50: 1384733 | AN50: 0 | AO50: 0 | AP50: TÜM DİZEL | AQ50: 0 | AU50: 21939576
A51: =L51 -> KIR-997 | B51: 1000 | C51: 1035 | D51: 46234 | E51: 2958465 | F51: EQ3803 | G51: 1035 | H51: 135 | I51: 10001035 | J51: 1035-01 | K51: JENERATOR | L51: KIR-997 | M51: JENERATÖR AKSA AC 200 200 KVA | N51: AC 200 200 KVA | P51: AKSA | Q51: 2010 | R51: T | S51: JENERATÖR | T51: KLNB | W51: 000000000000000000000000000000 | AB51: 0 | AG51: KİRALIK | AH51: TÜM DİZEL | AI51: F345400 | AN51: 0 | AO51: 0 | AP51: TÜM DİZEL | AQ51: 0 | AU51: 21949782
A52: =L52 -> AKT-003 | B52: 1000 | C52: 1001 | D52: 46261 | E52: 2958465 | F52: EQ0009 | G52: 1035 | H52: 135 | I52: 10001035 | J52: 1035-01 | K52: KAMYON GRP | L52: AKT-003 | M52: AKARYAKIT TANKERİ ISUZU NPR 71 | N52: NPR 71 | O52: 17UU186 | P52: ISUZU | Q52: 2006 | R52: T | S52: AKARYAKIT TANKERİ | T52: KLNB | U52: DC592857 | V52: YOK | W52: 000000000000000000000000000000 | Z52: SERAY SİGORTA ARACILIK HİZM.LT | AA52: SERAY SİGORTA ARACILIK HİZM.LT | AB52: 45000 | AC52: 45851 | AD52: 45911 | AE52: 46216 | AF52: 46276 | AG52: GRUP MAKİNELERİ | AH52: KLV A.Ş. | AI52: 327961 | AJ52: 46314 | AK52: TRY | AL52: 1788055590 | AM52: 1818239531 | AN52: 17985.99 | AO52: 16625.01 | AP52: KLV A.Ş. | AQ52: 750000 | AR52: 45183 | AS52: SER-AY SİGORTA ARACILIK HİZM. | AT52: SER-AY SİGORTA ARACILIK HİZM. | AU52: NNANPR71L02024872
A53: =L53 -> ARZ-003 | B53: 1000 | C53: 1001 | D53: 46129 | E53: 2958465 | F53: EQ0019 | G53: 1035 | H53: 135 | I53: 10001035 | J53: 1035-01 | K53: KAMYON GRP | L53: ARZ-003 | M53: SU TANKERİ FORD CARGO 2532 | N53: CARGO 2532 | O53: 06FY3516 | P53: FORD | Q53: 2016 | R53: T | S53: SU TANKERİ | T53: KLNB | U53: CT085802 | V53: MOBİLİZE | W53: 000000000000000000000003024280 | Z53: SERAY SİGORTA ARACILIK HİZM.LT | AA53: SERAY SİGORTA ARACILIK HİZM.LT | AB53: 55000 | AC53: 45859 | AD53: 45911 | AE53: 46224 | AF53: 46276 | AG53: GRUP MAKİNELERİ | AH53: KLV A.Ş. | AI53: FU93710 | AJ53: 46543 | AK53: TRY | AL53: 1792463970 | AM53: 1818215631 | AN53: 12299 | AO53: 29044.15 | AP53: KLV A.Ş. | AQ53: 1650000 | AR53: 45189 | AS53: SER-AY SİGORTA ARACILIK HİZM. | AT53: SER-AY SİGORTA ARACILIK HİZM. | AU53: NM0LKXTP6LFU93710
A54: =L54 -> ARZ-008 | B54: 1000 | C54: 1001 | D54: 46233 | E54: 2958465 | F54: EQ0024 | G54: 1035 | H54: 135 | I54: 10001035 | J54: 1035-01 | K54: KAMYON GRP | L54: ARZ-008 | M54: SU TANKERİ FORD CARGO 2526 | N54: CARGO 2526 | O54: 06FY6523 | P54: FORD | Q54: 2016 | R54: T | S54: SU TANKERİ | T54: KLNB | U54: FU198761 | V54: ARVENTO | W54: 000000000000000353322086517589 | Z54: SERAY SİGORTA ARACILIK HİZM.LT | AA54: SERAY SİGORTA ARACILIK HİZM.LT | AB54: 55000 | AC54: 45797 | AD54: 45911 | AE54: 46162 | AF54: 46276 | AG54: GRUP MAKİNELERİ | AH54: KLV A.Ş. | AI54: DR93239 | AJ54: 46596 | AK54: TRY | AL54: 1768800870 | AM54: 1818186791 | AN54: 11707 | AO54: 31419.16 | AP54: KLV A.Ş. | AQ54: 1650000 | AR54: 45189 | AS54: SER-AY SİGORTA ARACILIK HİZM. | AT54: SER-AY SİGORTA ARACILIK HİZM. | AU54: NM0LKXTP6LDR93239
A55: =L55 -> BKM-006 | B55: 1000 | C55: 1001 | D55: 46265 | E55: 2958465 | F55: EQ3920 | G55: 1038 | H55: 138 | I55: 10001038 | J55: 1038-01 | K55: KAMYON GRP | L55: BKM-006 | M55: BAKIM ARACI MERCEDES-BENZ ATEGO | N55: ATEGO | O55: 06FV9054 | P55: MERCEDES-BENZ | Q55: 2016 | R55: T | S55: BAKIM ARACI | T55: KLNB | U55: IK3245369 | V55: YOK | W55: 000000000000000000000000000000 | Z55: SERAY SİGORTA ARACILIK HİZM.LT | AA55: SERAY SİGORTA ARACILIK HİZM.LT | AB55: 60000 | AC55: 45911 | AD55: 45911 | AE55: 46276 | AF55: 46276 | AG55: GRUP MAKİNELERİ | AH55: KLV A.Ş. | AI55: 6CT50507403 | AJ55: 46545 | AK55: TRY | AL55: 1816868271 | AM55: 1818180151 | AN55: 22400.99 | AO55: 33250.01 | AP55: KLV A.Ş. | AQ55: 800000 | AS55: SER-AY SİGORTA ARACILIK HİZM. | AT55: SER-AY SİGORTA ARACILIK HİZM. | AU55: WDB97007310023394
A56: =L56 -> BTP-001 | B56: 1000 | C56: 1001 | D56: 46251 | E56: 2958465 | F56: EQ0219 | G56: 1035 | H56: 135 | I56: 10001035 | J56: 1035-01 | K56: KAMYON GRP | L56: BTP-001 | M56: BETON POMPASI MERCEDES 3340 | N56: 3340 K36 E5 NP-SCHWI | O56: 06GA6634 | P56: MERCEDES | Q56: 2016 | R56: T | S56: BETON POMPASI | T56: KLNB | U56: IK623301 | V56: MOBİLİZE | W56: 000000000000000000000002045468 | Z56: SERAY SİGORTA ARACILIK HİZM.LT | AA56: SERAY SİGORTA ARACILIK HİZM.LT | AB56: 500000 | AC56: 45973 | AD56: 45911 | AE56: 46338 | AF56: 46276 | AG56: GRUP MAKİNELERİ | AH56: KLV A.Ş. | AI56: 457957C0335432 | AJ56: 46333 | AK56: TRY | AL56: 1845966180 | AM56: 1818284271 | AN56: 24292.02 | AO56: 138116.68 | AP56: KLV A.Ş. | AQ56: 9500000 | AR56: 45183 | AS56: SER-AY SİGORTA ARACILIK HİZM. | AT56: SER-AY SİGORTA ARACILIK HİZM. | AU56: NMB94216212180774
A57: =L57 -> BTP-002 | B57: 1000 | C57: 1001 | D57: 46132 | E57: 2958465 | F57: EQ3154 | G57: 1035 | H57: 135 | I57: 10001035 | J57: 1035-01 | K57: KAMYON GRP | L57: BTP-002 | M57: BETON POMPASI MERCEDES 3343 8X4 | N57: 3340 K36 E5 NP-SCHWI | O57: 06EJP632 | P57: MERCEDES | Q57: 2024 | R57: T | S57: BETON POMPASI | T57: KLNB | U57: HP062782 | W57: 000000000000000000000000000000 | Z57: SERAY SİGORTA ARACILIK HİZM.LT | AA57: SERAY SİGORTA ARACILIK HİZM.LT | AB57: 550000 | AC57: 46143 | AD57: 45911 | AE57: 46506 | AF57: 46276 | AG57: GRUP MAKİNELERİ | AH57: KLV A.Ş. | AI57: 470913C0888217 | AJ57: 46569 | AK57: TRY | AL57: 1931402090 | AM57: 1818214031 | AN57: 39508.02 | AO57: 148685.29 | AP57: KLV A.Ş. | AQ57: 6250000 | AR57: 45371 | AS57: SER-AY SİGORTA ARACILIK HİZM. | AT57: SER-AY SİGORTA ARACILIK HİZM. | AU57: W1T96401810726438
A58: =L58 -> DK-040 | B58: 1000 | C58: 1001 | D58: 46265 | E58: 2958465 | F58: EQ0372 | G58: 1038 | H58: 138 | I58: 10001038 | J58: 1038-01 | K58: KAMYON GRP | L58: DK-040 | M58: SU TANKERİ MERCEDES AXOR 3340 K 6X4 | N58: AXOR 3340 K 6X4 | O58: 06DC2749 | P58: MERCEDES | Q58: 2010 | R58: T | S58: SU TANKERİ | T58: KLNB | U58: HN948649 | V58: MOBİLİZE ARVENTO | W58: 000000000000000353322086543197 | Z58: SERAY SİGORTA ARACILIK HİZM.LT | AA58: SERAY SİGORTA ARACILIK HİZM.LT | AB58: 250000 | AC58: 46143 | AD58: 45911 | AE58: 46503 | AF58: 46276 | AG58: GRUP MAKİNELERİ | AH58: KLV A.Ş. | AI58: 86181 | AJ58: 46585 | AK58: TRY | AL58: 1928817610 | AM58: 1818222591 | AN58: 29630.98 | AO58: 42132.02 | AP58: KLV A.Ş. | AQ58: 2600000 | AR58: 45183 | AS58: SER-AY SİGORTA ARACILIK HİZM. | AT58: SER-AY SİGORTA ARACILIK HİZM. | AU58: NMB94216212085196
A59: =L59 -> DK-150 | B59: 1000 | C59: 1001 | D59: 46119 | E59: 2958465 | F59: EQ0481 | G59: 1035 | H59: 135 | I59: 10001035 | J59: 1035-01 | K59: KAMYON GRP | L59: DK-150 | M59: DAMPERLİ KAMYON MERCEDES AROCS 4142K 8X4 | N59: AROCS 4142K 8X4 | O59: 06DCY249 | P59: MERCEDES | Q59: 2020 | R59: T | S59: DAMPERLİ KAMYON | T59: KLNB | U59: IE099279 | V59: YOK | W59: 000000000000000000000000000000 | X59: 45350 | Z59: SERAY SİGORTA ARACILIK HİZM.LT | AA59: SERAY SİGORTA ARACILIK HİZM.LT | AB59: 250000 | AC59: 46143 | AD59: 45911 | AE59: 46486 | AF59: 46276 | AG59: GRUP MAKİNELERİ | AH59: KLV A.Ş. | AI59: 471926C0406287 | AJ59: 46351 | AK59: TRY | AL59: 1916386280 | AM59: 1818205801 | AN59: 29630.98 | AO59: 59469.6 | AP59: FİBA BANKA ANKARA KURUMSAL ŞUB | AQ59: 4450000 | AR59: 45183 | AS59: SER-AY SİGORTA ARACILIK HİZM. | AT59: SER-AY SİGORTA ARACILIK HİZM. | AU59: NMB96423112191437
A60: =L60 -> DK-271 | B60: 1000 | C60: 1001 | D60: 46139 | E60: 2958465 | F60: EQ2872 | G60: 1035 | H60: 135 | I60: 10001035 | J60: 1035-01 | K60: KAMYON GRP | L60: DK-271 | M60: DAMPERLİ KAMYON FORD 1833 | N60: 1833 D CKK1 | O60: 06DSK765 | P60: FORD | Q60: 2023 | R60: T | S60: DAMPERLİ KAMYON | T60: KLNB | U60: GN524209 | W60: 000000000000000000000000000000 | Z60: SERAY SİGORTA ARACILIK HİZM.LT | AA60: SERAY SİGORTA ARACILIK HİZM.LT | AB60: 250000 | AC60: 46102 | AD60: 45911 | AE60: 46467 | AF60: 46276 | AG60: GRUP MAKİNELERİ | AH60: KLV A.Ş. | AI60: NS98689 | AJ60: 46559 | AK60: TRY | AL60: 1907926500 | AM60: 1818212061 | AN60: 28838 | AO60: 47875.12 | AP60: KLV A.Ş. | AQ60: 2000000 | AR60: 45183 | AS60: SER-AY SİGORTA ARACILIK HİZM. | AT60: SER-AY SİGORTA ARACILIK HİZM. | AU60: NM0KKXTP6KNS98689
A61: =L61 -> DK-393 | B61: 1000 | C61: 1001 | D61: 46176 | E61: 2958465 | F61: EQ3747 | G61: 1035 | H61: 135 | I61: 10001035 | J61: 1035-01 | K61: KAMYON GRP | L61: DK-393 | M61: DAMPERLİ KAMYON MERCEDES AROCS 4148 8X4 | N61: AROCS 4148 K 8X4 GSR | O61: 06FZF818 | P61: MERCEDES-BENZ | Q61: 2026 | R61: T | S61: DAMPERLİ KAMYON | T61: KLNB | U61: II355413 | W61: 000000000000000000000000000000 | Z61: SERAY SİGORTA ARACILIK HİZM.LT | AA61: SERAY SİGORTA ARACILIK HİZM.LT | AB61: 250000 | AC61: 46147 | AD61: 46147 | AE61: 46512 | AF61: 46512 | AG61: GRUP MAKİNELERİ | AH61: KLV A.Ş. | AI61: 471943C1108143 | AJ61: 46518 | AK61: TRY | AL61: 1945126390 | AM61: 1944913500 | AN61: 47150 | AO61: 87499.98 | AP61: GARANTİ BANKASI BAŞKENT TİCARİ | AQ61: 7290000 | AS61: SER-AY SİGORTA ARACILIK HİZM. | AT61: SER-AY SİGORTA ARACILIK HİZM. | AU61: NMB96423712271362
A62: =L62 -> DK-400 | B62: 1000 | C62: 1001 | D62: 46253 | E62: 2958465 | F62: EQ3817 | G62: 1038 | H62: 138 | I62: 10001038 | J62: 1038-01 | K62: KAMYON GRP | L62: DK-400 | M62: DAMPERLİ KAMYON MERCEDES- BENZ AROCS 414 | N62: AROCS 4148 K 8X4 GSR | O62: 06GCZ938 | P62: MERCEDES- BENZ | Q62: 2026 | R62: T | S62: DAMPERLİ KAMYON | T62: KLNB | U62: IO732013 | W62: 000000000000000000000000000000 | AB62: 0 | AG62: GRUP MAKİNELERİ | AH62: KLV A.Ş. | AI62: 471943C1125015 | AJ62: 46601 | AN62: 0 | AO62: 0 | AP62: MERCEDES-BENZ FİNANSAL KİRALAM | AQ62: 7750000 | AR62: 46235 | AU62: NMB96423712274018
A63: =L63 -> DK-401 | B63: 1000 | C63: 1001 | D63: 46253 | E63: 2958465 | F63: EQ3818 | G63: 1038 | H63: 138 | I63: 10001038 | J63: 1038-01 | K63: KAMYON GRP | L63: DK-401 | M63: DAMPERLİ KAMYON MERCEDES- BENZ AROCS 414 | N63: AROCS 4148 K 8X4 GSR | O63: 06GCZ677 | P63: MERCEDES- BENZ | Q63: 2026 | R63: T | S63: DAMPERLİ KAMYON | T63: KLNB | U63: IO732008 | W63: 000000000000000000000000000000 | AB63: 0 | AG63: GRUP MAKİNELERİ | AH63: KLV A.Ş. | AI63: 471943C1125614 | AJ63: 46604 | AN63: 0 | AO63: 0 | AP63: MERCEDES-BENZ FİNANSAL KİRALAM | AQ63: 7750000 | AR63: 46235 | AU63: NMB96423112274015
A64: =L64 -> DK-402 | B64: 1000 | C64: 1001 | D64: 46253 | E64: 2958465 | F64: EQ3819 | G64: 1038 | H64: 138 | I64: 10001038 | J64: 1038-01 | K64: KAMYON GRP | L64: DK-402 | M64: DAMPERLİ KAMYON MERCEDES- BENZ AROCS 414 | N64: AROCS 4148 K 8X4 GSR | O64: 06GCZ907 | P64: MERCEDES- BENZ | Q64: 2026 | R64: T | S64: DAMPERLİ KAMYON | T64: KLNB | U64: IO732012 | W64: 000000000000000000000000000000 | AB64: 0 | AG64: GRUP MAKİNELERİ | AH64: KLV A.Ş. | AI64: 471943C1125597 | AJ64: 46604 | AN64: 0 | AO64: 0 | AP64: MERCEDES-BENZ FİNANSAL KİRALAM | AQ64: 7750000 | AR64: 46235 | AU64: NMB96423812274013
A65: =L65 -> DK-403 | B65: 1000 | C65: 1001 | D65: 46253 | E65: 2958465 | F65: EQ3820 | G65: 1038 | H65: 138 | I65: 10001038 | J65: 1038-01 | K65: KAMYON GRP | L65: DK-403 | M65: DAMPERLİ KAMYON MERCEDES- BENZ AROCS 414 | N65: AROCS 4148 K 8X4 GSR | O65: 06GCZ857 | P65: MERCEDES- BENZ | Q65: 2026 | R65: T | S65: DAMPERLİ KAMYON | T65: KLNB | U65: IO732004 | W65: 000000000000000000000000000000 | AB65: 0 | AG65: GRUP MAKİNELERİ | AH65: KLV A.Ş. | AI65: 471943C1126156 | AJ65: 46604 | AN65: 0 | AO65: 0 | AP65: MERCEDES-BENZ FİNANSAL KİRALAM | AQ65: 7750000 | AR65: 46235 | AU65: NMB96423212274007
A66: =L66 -> DK-404 | B66: 1000 | C66: 1001 | D66: 46249 | E66: 2958465 | F66: EQ3821 | G66: 1038 | H66: 138 | I66: 10001038 | J66: 1038-01 | K66: KAMYON GRP | L66: DK-404 | M66: DAMPERLİ KAMYON MERCEDES- BENZ AROCS 414 | N66: AROCS 4148 K 8X4 GSR | O66: 06GCZ762 | P66: MERCEDES- BENZ | Q66: 2026 | R66: T | S66: DAMPERLİ KAMYON | T66: KLNB | U66: IO732010 | W66: 000000000000000000000000000000 | AB66: 0 | AG66: GRUP MAKİNELERİ | AH66: KLV A.Ş. | AI66: 471943C1126287 | AJ66: 46604 | AN66: 0 | AO66: 0 | AP66: MERCEDES-BENZ FİNANSAL KİRALAM | AQ66: 7750000 | AR66: 46235 | AU66: NMB96423012274006
A67: =L67 -> DK-405 | B67: 1000 | C67: 1001 | D67: 46249 | E67: 2958465 | F67: EQ3822 | G67: 1038 | H67: 138 | I67: 10001038 | J67: 1038-01 | K67: KAMYON GRP | L67: DK-405 | M67: DAMPERLİ KAMYON MERCEDES- BENZ AROCS 414 | N67: AROCS 4148 K 8X4 GSR | O67: 06GCZ786 | P67: MERCEDES- BENZ | Q67: 2026 | R67: T | S67: DAMPERLİ KAMYON | T67: KLNB | U67: IO732005 | W67: 000000000000000000000000000000 | AB67: 0 | AG67: GRUP MAKİNELERİ | AH67: KLV A.Ş. | AI67: 471943C1126001 | AJ67: 46604 | AN67: 0 | AO67: 0 | AP67: MERCEDES-BENZ FİNANSAL KİRALAM | AQ67: 7750000 | AR67: 46235 | AU67: NMB96423412274087
A68: =L68 -> DK-406 | B68: 1000 | C68: 1001 | D68: 46249 | E68: 2958465 | F68: EQ3823 | G68: 1038 | H68: 138 | I68: 10001038 | J68: 1038-01 | K68: KAMYON GRP | L68: DK-406 | M68: DAMPERLİ KAMYON MERCEDES- BENZ AROCS 414 | N68: AROCS 4148 K 8X4 GSR | O68: 06GCZ820 | P68: MERCEDES- BENZ | Q68: 2026 | R68: T | S68: DAMPERLİ KAMYON | T68: KLNB | U68: IO732011 | W68: 000000000000000000000000000000 | AB68: 0 | AG68: GRUP MAKİNELERİ | AH68: KLV A.Ş. | AI68: 471943C1126034 | AJ68: 46604 | AN68: 0 | AO68: 0 | AP68: MERCEDES-BENZ FİNANSAL KİRALAM | AQ68: 7750000 | AR68: 46235 | AU68: NMB96423212274086
A69: =L69 -> DK-407 | B69: 1000 | C69: 1001 | D69: 46253 | E69: 2958465 | F69: EQ3824 | G69: 1038 | H69: 138 | I69: 10001038 | J69: 1038-01 | K69: KAMYON GRP | L69: DK-407 | M69: DAMPERLİ KAMYON MERCEDES- BENZ AROCS 414 | N69: AROCS 4148 K 8X4 GSR | O69: 06GCZ650 | P69: MERCEDES- BENZ | Q69: 2026 | R69: T | S69: DAMPERLİ KAMYON | T69: KLNB | U69: IO732007 | W69: 000000000000000000000000000000 | AB69: 0 | AG69: GRUP MAKİNELERİ | AH69: KLV A.Ş. | AI69: 471943C1126283 | AJ69: 46604 | AN69: 0 | AO69: 0 | AP69: MERCEDES-BENZ FİNANSAL KİRALAM | AQ69: 7750000 | AR69: 46235 | AU69: NMB96423912274005
A70: =L70 -> DK-408 | B70: 1000 | C70: 1001 | D70: 46253 | E70: 2958465 | F70: EQ3825 | G70: 1038 | H70: 138 | I70: 10001038 | J70: 1038-01 | K70: KAMYON GRP | L70: DK-408 | M70: DAMPERLİ KAMYON MERCEDES- BENZ AROCS 414 | N70: AROCS 4148 K 8X4 GSR | O70: 06GCZ574 | P70: MERCEDES- BENZ | Q70: 2026 | R70: T | S70: DAMPERLİ KAMYON | T70: KLNB | U70: IO732006 | W70: 000000000000000000000000000000 | AB70: 0 | AG70: GRUP MAKİNELERİ | AH70: KLV A.Ş. | AI70: 471943C1126141 | AJ70: 46604 | AN70: 0 | AO70: 0 | AP70: MERCEDES-BENZ FİNANSAL KİRALAM | AQ70: 7750000 | AR70: 46235 | AU70: NMB96423012274085
A71: =L71 -> DK-409 | B71: 1000 | C71: 1001 | D71: 46253 | E71: 2958465 | F71: EQ3826 | G71: 1038 | H71: 138 | I71: 10001038 | J71: 1038-01 | K71: KAMYON GRP | L71: DK-409 | M71: DAMPERLİ KAMYON MERCEDES- BENZ AROCS 414 | N71: AROCS 4148 K 8X4 GSR | O71: 06GCZ718 | P71: MERCEDES- BENZ | Q71: 2026 | R71: T | S71: DAMPERLİ KAMYON | T71: KLNB | U71: IO732009 | W71: 000000000000000000000000000000 | AB71: 0 | AG71: GRUP MAKİNELERİ | AH71: KLV A.Ş. | AI71: 471943C1126153 | AJ71: 46604 | AN71: 0 | AO71: 0 | AP71: MERCEDES-BENZ FİNANSAL KİRALAM | AQ71: 7750000 | AR71: 46235 | AU71: NMB96423X12274076
A72: =L72 -> MBV-002 | B72: 1000 | C72: 1001 | D72: 46107 | E72: 2958465 | F72: EQ1555 | G72: 1035 | H72: 135 | I72: 10001035 | J72: 1035-01 | K72: KAMYON GRP | L72: MBV-002 | M72: MOBİL VİNÇFORD CARGO 520 LT-ACAR 115 TON | N72: CARGO 520 LT-ACAR 11 | O72: 27FH665 | P72: FORD | Q72: 2005 | R72: T | S72: MOBİL VİNÇ | T72: KLNB | U72: CV961324 | V72: YOK | W72: 000000000000000000000000000000 | Z72: SERAY SİGORTA ARACILIK HİZM.LT | AA72: SERAY SİGORTA ARACILIK HİZM.LT | AB72: 380000 | AC72: 45945 | AD72: 45911 | AE72: 46310 | AF72: 46276 | AG72: GRUP MAKİNELERİ | AH72: KLV A.Ş. | AI72: 5A48345 | AJ72: 46332 | AK72: TRY | AL72: 1830970130 | AM72: 1818188211 | AN72: 107486.78 | AO72: 107486.78 | AP72: KLV A.Ş. | AQ72: 6500000 | AR72: 45188 | AS72: SER-AY SİGORTA ARACILIK HİZM. | AT72: SER-AY SİGORTA ARACILIK HİZM. | AU72: NM0B18TEDF5A48345
A73: =L73 -> MBV-003 | B73: 1000 | C73: 1001 | D73: 46253 | E73: 2958465 | F73: EQ1556 | G73: 1038 | H73: 138 | I73: 10001038 | J73: 1038-01 | K73: KAMYON GRP | L73: MBV-003 | M73: MOBİL VİNÇ MERCEDES 2921/48 | N73: 2921/48 | O73: 06BS3937 | P73: MERCEDES | Q73: 1998 | R73: T | S73: MOBİL VİNÇ | T73: KLNB | U73: GF399772-FU198815 | V73: MOBİLİZE | W73: 000000000000000000000002060726 | Z73: SERAY SİGORTA ARACILIK HİZM.LT | AA73: SERAY SİGORTA ARACILIK HİZM.LT | AB73: 180000 | AC73: 46177 | AD73: 45911 | AE73: 46542 | AF73: 46276 | AG73: GRUP MAKİNELERİ | AH73: KLV A.Ş. | AI73: NMB37126916016276 | AJ73: 46587 | AK73: TRY | AL73: 1965526581 | AM73: 1818228361 | AN73: 30300 | AO73: 102125.01 | AP73: KLV A.Ş. | AQ73: 2000000 | AR73: 45188 | AS73: SER-AY SİGORTA ARACILIK HİZM. | AT73: SER-AY SİGORTA ARACILIK HİZM. | AU73: EGM4200M0T000655
A74: =L74 -> MBV-005 | B74: 1000 | C74: 1001 | D74: 46252 | E74: 2958465 | F74: EQ1558 | G74: 1035 | H74: 135 | I74: 10001035 | J74: 1035-01 | K74: KAMYON GRP | L74: MBV-005 | M74: MOBİL VİNÇ FORD CARGO 2524-ACAR 115 TON | N74: CARGO 2524-ACAR 115 | O74: 06GC5501 | P74: FORD | Q74: 2005 | R74: T | S74: MOBİL VİNÇ | T74: KLNB | U74: IK571358 | V74: YOK | W74: 000000000000000000000000000000 | Z74: SERAY SİGORTA ARACILIK HİZM.LT | AA74: SERAY SİGORTA ARACILIK HİZM.LT | AB74: 350000 | AC74: 45981 | AD74: 45911 | AE74: 46346 | AF74: 46276 | AG74: GRUP MAKİNELERİ | AH74: KLV A.Ş. | AI74: 5M45372 | AJ74: 46412 | AK74: TRY | AL74: 1846244280 | AM74: 1818286731 | AN74: 20439.01 | AO74: 106605.67 | AP74: KLV A.Ş. | AQ74: 6500000 | AR74: 45188 | AS74: SER-AY SİGORTA ARACILIK HİZM. | AT74: SER-AY SİGORTA ARACILIK HİZM. | AU74: NMOB18TEDF5M45372
A75: =L75 -> MBV-006 | B75: 1000 | C75: 1001 | D75: 46146 | E75: 2958465 | F75: EQ2780 | G75: 1035 | H75: 135 | I75: 10001035 | J75: 1035-01 | K75: KAMYON GRP | L75: MBV-006 | M75: MOBİL VİNÇ MAN 39S MOBİL VİNÇ 75 TON | N75: TGS 41.400 8X4 BB | O75: 16AT194 | P75: Mn | Q75: 2012 | R75: T | S75: MOBİL VİNÇ | T75: KLNB | U75: GD520606 | V75: YOK | W75: 000000000000000000000000000000 | Z75: SERAY SİGORTA ARACILIK HİZM.LT | AA75: SERAY SİGORTA ARACILIK HİZM.LT | AB75: 670000 | AC75: 46083 | AD75: 45911 | AE75: 46448 | AF75: 46276 | AG75: GRUP MAKİNELERİ | AH75: KLV A.Ş. | AI75: 50532161533215 | AJ75: 46505 | AK75: TRY | AL75: 1896455200 | AM75: 1818172381 | AN75: 28838 | AO75: 125779.46 | AP75: KLV A.Ş. | AQ75: 11500000 | AR75: 45188 | AS75: SER-AY SİGORTA ARACILIK HİZM. | AT75: SER-AY SİGORTA ARACILIK HİZM. | AU75: WMA39SZZ4CM601900
A76: =L76 -> MBV-013 | B76: 1000 | C76: 1001 | D76: 46125 | E76: 2958465 | F76: EQ3571 | G76: 1035 | H76: 135 | I76: 10001035 | J76: 1035-01 | K76: KAMYON GRP | L76: MBV-013 | M76: MOBİL VİNÇ FORD CARGO 3230 | N76: 3230 | O76: 06CBZ243 | P76: FORD | Q76: 2004 | R76: T | S76: MOBİL VİNÇ | T76: KLNB | U76: HU863089 | W76: 000000000000000000000000000000 | Z76: SERAY SİGORTA ARACILIK HİZM.LT | AA76: SERAY SİGORTA ARACILIK HİZM.LT | AB76: 0 | AC76: 46143 | AD76: 45911 | AE76: 46502 | AF76: 46276 | AG76: GRUP MAKİNELERİ | AH76: KLV A.Ş. | AI76: 6S54910 | AJ76: 46559 | AL76: 1928835260 | AM76: 1818198581 | AN76: 49385 | AO76: 109249.99 | AP76: KLV A.Ş. | AQ76: 0 | AS76: SER-AY SİGORTA ARACILIK HİZM. | AT76: SER-AY SİGORTA ARACILIK HİZM. | AU76: NM0B83TEDF6S54910
A77: =L77 -> MBV-014 | B77: 1000 | C77: 1001 | D77: 46265 | E77: 2958465 | F77: EQ3585 | G77: 1038 | H77: 138 | I77: 10001038 | J77: 1038-01 | K77: KAMYON GRP | L77: MBV-014 | M77: MOBİL VİNÇ MERCEDES-BENZ 2521 | N77: 2521 | O77: 06FGV832 | P77: MERCEDES-BENZ | Q77: 1996 | R77: T | S77: MOBİL VİNÇ | T77: KLNB | U77: HU863072 | W77: 000000000000000000000000000000 | Z77: SERAY SİGORTA ARACILIK HİZM.LT | AA77: SERAY SİGORTA ARACILIK HİZM.LT | AB77: 0 | AC77: 46196 | AD77: 45911 | AE77: 46561 | AF77: 46276 | AG77: GRUP MAKİNELERİ | AH77: KLV A.Ş. | AI77: 382919504000220 | AJ77: 46624 | AL77: 1983092261 | AM77: 1818288470 | AN77: 30009.99 | AO77: 104500.02 | AP77: KLV A.Ş. | AQ77: 0 | AS77: SER-AY SİGORTA ARACILIK HİZM. | AT77: SER-AY SİGORTA ARACILIK HİZM. | AU77: NMB37126916009026
A78: =L78 -> TRM-005 | B78: 1000 | C78: 1001 | D78: 46252 | E78: 2958465 | F78: EQ1770 | G78: 1035 | H78: 135 | I78: 10001035 | J78: 1035-01 | K78: KAMYON GRP | L78: TRM-005 | M78: TRANSMİKSER MERCEDES AXOR 3029 8M3 | N78: AXOR 3029 B-IMER 8M3 | O78: 81EH522 | P78: MERCEDES | Q78: 2012 | R78: T | S78: TRANSMİKSER | T78: KLNB | U78: IK571357 | V78: YOK | W78: 000000000000000000000000000000 | Z78: SER-AY SİGORTA ARACILIK HİZMET | AA78: SERAY SİGORTA ARACILIK HİZM.LT | AB78: 300000 | AC78: 45891 | AD78: 45911 | AE78: 46256 | AF78: 46276 | AG78: GRUP MAKİNELERİ | AH78: KLV A.Ş. | AI78: 90291500950285 | AJ78: 46541 | AK78: TRY | AL78: 1806411120 | AM78: 1818228241 | AN78: 19024 | AO78: 51790.88 | AP78: KLV A.Ş. | AQ78: 2400000 | AR78: 45189 | AS78: SER-AY SİGORTA ARACILIK HİZM. | AT78: SER-AY SİGORTA ARACILIK HİZM. | AU78: NMB37537412110441
A79: =L79 -> TRM-006 | B79: 1000 | C79: 1001 | D79: 46251 | E79: 2958465 | F79: EQ1771 | G79: 1035 | H79: 135 | I79: 10001035 | J79: 1035-01 | K79: KAMYON GRP | L79: TRM-006 | M79: TRANSMİKSER MERCEDES AXOR 3029 8M3 | N79: AXOR 3029 B-IMER 8M3 | O79: 81EH524 | P79: MERCEDES | Q79: 2012 | R79: T | S79: TRANSMİKSER | T79: KLNB | U79: IK571399 | V79: MOBİLİZE | W79: 000000000000000000000003024089 | Z79: SER-AY SİGORTA ARACILIK HİZMET | AA79: SERAY SİGORTA ARACILIK HİZM.LT | AB79: 300000 | AC79: 45891 | AD79: 45911 | AE79: 46256 | AF79: 46276 | AG79: GRUP MAKİNELERİ | AH79: KLV A.Ş. | AI79: 90291500941883 | AJ79: 46329 | AK79: TRY | AL79: 1806412880 | AM79: 1818202131 | AN79: 22829.02 | AO79: 51790.88 | AP79: KLV A.Ş. | AQ79: 2400000 | AR79: 45189 | AS79: SER-AY SİGORTA ARACILIK HİZM. | AT79: SER-AY SİGORTA ARACILIK HİZM. | AU79: NMB37537412108936
A80: =L80 -> TRM-013 | B80: 1000 | C80: 1001 | D80: 46132 | E80: 2958465 | F80: EQ3321 | G80: 1035 | H80: 135 | I80: 10001035 | J80: 1035-01 | K80: KAMYON GRP | L80: TRM-013 | M80: TRANSMİKSER MERCEDES AROCS 4142 | N80: 4142 | O80: 06ELJ703 | P80: MERCEDES BENZ | Q80: 2020 | R80: T | S80: TRANSMİKSER | T80: KLNB | U80: HL362083 | W80: 000000000000000000000000000000 | Z80: SERAY SİGORTA ARACILIK HİZM.LT | AA80: SERAY SİGORTA ARACILIK HİZM.LT | AB80: 0 | AC80: 46184 | AD80: 45911 | AE80: 46549 | AF80: 46276 | AG80: GRUP MAKİNELERİ | AH80: KLV A.Ş. | AI80: 471926C0598723 | AJ80: 46360 | AL80: 1975124791 | AM80: 1818191541 | AN80: 42420.02 | AO80: 59521.5 | AP80: KLV A.Ş. | AQ80: 4575000 | AR80: 45448 | AS80: SER-AY SİGORTA ARACILIK HİZM. | AT80: SER-AY SİGORTA ARACILIK HİZM. | AU80: NMB96433112204397
A81: =L81 -> TRM-014 | B81: 1000 | C81: 1001 | D81: 46133 | E81: 2958465 | F81: EQ3322 | G81: 1035 | H81: 135 | I81: 10001035 | J81: 1035-01 | K81: KAMYON GRP | L81: TRM-014 | M81: TRANSMİKSER MERCEDES AROCS 4142 | N81: 4142 | O81: 06ELJ717 | P81: MERCEDES BENZ | Q81: 2020 | R81: T | S81: TRANSMİKSER | T81: KLNB | U81: HG502406 | W81: 000000000000000000000000000000 | Z81: SERAY SİGORTA ARACILIK HİZM.LT | AA81: SERAY SİGORTA ARACILIK HİZM.LT | AB81: 0 | AC81: 46184 | AD81: 45911 | AE81: 46549 | AF81: 46276 | AG81: GRUP MAKİNELERİ | AH81: KLV A.Ş. | AI81: 471926C0600173 | AJ81: 46442 | AL81: 1965129101 | AM81: 1818226351 | AN81: 30300 | AO81: 59521.5 | AP81: KLV A.Ş. | AQ81: 4575000 | AS81: SER-AY SİGORTA ARACILIK HİZM. | AT81: SER-AY SİGORTA ARACILIK HİZM. | AU81: NMB96433112204400
A82: =L82 -> TRM-017 | B82: 1000 | C82: 1001 | D82: 46213 | E82: 2958465 | F82: EQ3481 | G82: 1035 | H82: 135 | I82: 10001035 | J82: 1035-01 | K82: KAMYON GRP | L82: TRM-017 | M82: TRANSMİKSER MERCEDES-BENZ AROCS 963-8-G | N82: AROCS 963-8-G | O82: 06EYV182 | P82: MERCEDES-BENZ | Q82: 2023 | R82: T | S82: TRANSMİKSER | T82: KLNB | U82: HN469649 | W82: 000000000000000000000000000000 | Z82: SERAY SİGORTA ARACILIK HİZM.LT | AA82: SERAY SİGORTA ARACILIK HİZM.LT | AB82: 0 | AC82: 46021 | AD82: 45911 | AE82: 46386 | AF82: 46276 | AG82: GRUP MAKİNELERİ | AH82: KLV A.Ş. | AI82: 471943C0864706 | AJ82: 46589 | AL82: 1864401880 | AM82: 1818213261 | AN82: 39222.99 | AO82: 66617.93 | AP82: KLV A.Ş. | AQ82: 0 | AS82: SER-AY SİGORTA ARACILIK HİZM. | AT82: SER-AY SİGORTA ARACILIK HİZM. | AU82: NMB96433012238315
A83: =L83 -> TRM-020 | B83: 1000 | C83: 1001 | D83: 46132 | E83: 2958465 | F83: EQ3484 | G83: 1035 | H83: 135 | I83: 10001035 | J83: 1035-01 | K83: KAMYON GRP | L83: TRM-020 | M83: TRANSMİKSER MERCEDES-BENZ AROCS 963-8-G | N83: AROCS 963-8-G | O83: 06EYV166 | P83: MERCEDES-BENZ | Q83: 2023 | R83: T | S83: TRANSMİKSER | T83: KLNB | U83: HN469655 | W83: 000000000000000000000000000000 | Z83: SERAY SİGORTA ARACILIK HİZM.LT | AA83: SERAY SİGORTA ARACILIK HİZM.LT | AB83: 0 | AC83: 46021 | AD83: 45911 | AE83: 46386 | AF83: 46276 | AG83: GRUP MAKİNELERİ | AH83: KLV A.Ş. | AI83: 471943C0862164 | AJ83: 46322 | AL83: 1864409450 | AM83: 1818190331 | AN83: 39222.99 | AO83: 66617.93 | AP83: KLV A.Ş. | AQ83: 0 | AS83: SER-AY SİGORTA ARACILIK HİZM. | AT83: SER-AY SİGORTA ARACILIK HİZM. | AU83: NMB96433612235838
A84: =L84 -> TRM-024 | B84: 1000 | C84: 1001 | D84: 46239 | E84: 2958465 | F84: EQ3488 | G84: 1035 | H84: 135 | I84: 10001035 | J84: 1035-01 | K84: KAMYON GRP | L84: TRM-024 | M84: TRANSMİKSER MERCEDES-BENZ AROCS 963-8-G | N84: AROCS 963-8-G | O84: 06EYV160 | P84: MERCEDES-BENZ | Q84: 2023 | R84: T | S84: TRANSMİKSER | T84: KLNB | U84: HN469648 | W84: 000000000000000000000000000000 | Z84: SERAY SİGORTA ARACILIK HİZM.LT | AA84: SERAY SİGORTA ARACILIK HİZM.LT | AB84: 0 | AC84: 46021 | AD84: 45911 | AE84: 46386 | AF84: 46276 | AG84: GRUP MAKİNELERİ | AH84: KLV A.Ş. | AI84: 471943C0866657 | AJ84: 46582 | AL84: 1864422370 | AM84: 1818207261 | AN84: 39222.99 | AO84: 66617.93 | AP84: KLV A.Ş. | AQ84: 0 | AS84: SER-AY SİGORTA ARACILIK HİZM. | AT84: SER-AY SİGORTA ARACILIK HİZM. | AU84: NMB96433112238565
A85: =L85 -> VAS-006 | B85: 1000 | C85: 1001 | D85: 46249 | E85: 2958465 | F85: EQ2709 | G85: 1038 | H85: 138 | I85: 10001038 | J85: 1038-01 | K85: KAMYON GRP | L85: VAS-006 | M85: SU TANKERİ FUSO FE 85 KS | N85: FE 85 KS | O85: 06DIH252 | P85: FUSO | Q85: 2020 | R85: T | S85: SU TANKERİ | T85: KLNB | U85: IL760501 | W85: 000000000000000000000000000000 | Z85: SERAY SİGORTA ARACILIK HİZM.LT | AA85: SERAY SİGORTA ARACILIK HİZM.LT | AB85: 110000 | AC85: 46196 | AD85: 45911 | AE85: 46561 | AF85: 46276 | AG85: GRUP MAKİNELERİ | AH85: KLV A.Ş. | AI85: 3686135 | AJ85: 46561 | AK85: TRY | AL85: 1985094090 | AM85: 1818286691 | AN85: 30300 | AO85: 33297.03 | AP85: KLV A.Ş. | AQ85: 2500000 | AR85: 45236 | AS85: SER-AY SİGORTA ARACILIK HİZM. | AT85: SER-AY SİGORTA ARACILIK HİZM. | AU85: NLTTECX1E01000570
A86: =L86 -> KAM-467 | B86: 1000 | C86: 1001 | D86: 46252 | E86: 2958465 | F86: EQ1161 | G86: 1035 | H86: 135 | I86: 10001035 | J86: 1035-01 | K86: KAMYONET | L86: KAM-467 | M86: KAMYONET FIAT FIORINO COMBI 1.3MJET 95HP | N86: FIORINO COMBI POP 1. | O86: 06BYC689 | P86: FIAT | Q86: 2020 | R86: T | S86: KAMYONET | T86: KLNB | U86: IK623308 | V86: MOBİLİZE | W86: 000000000000000000000003026426 | X86: 45076 | Z86: SERAY SİGORTA ARACILIK HİZM.LT | AA86: SERAY SİGORTA ARACILIK HİZM.LT | AB86: 35000 | AC86: 46143 | AD86: 45911 | AE86: 46506 | AF86: 46276 | AG86: GRUP MAKİNELERİ | AH86: KLV A.Ş. | AI86: 552837756940480 | AJ86: 46550 | AK86: TRY | AL86: 1930638560 | AM86: 1818184901 | AN86: 16475.98 | AO86: 5118.27 | AP86: KLV A.Ş. | AQ86: 540000 | AR86: 45191 | AS86: SER-AY SİGORTA ARACILIK HİZM. | AT86: SER-AY SİGORTA ARACILIK HİZM. | AU86: ZFA22500006R79040
A87: =L87 -> KAM-502 | B87: 1000 | C87: 1001 | D87: 46252 | E87: 2958465 | F87: EQ1196 | G87: 1035 | H87: 135 | I87: 10001035 | J87: 1035-01 | K87: KAMYONET | L87: KAM-502 | M87: KAMYONET FIAT FIORINO COMBI 1.3MJET 95HP | N87: FIORINO COMBI POP 1. | O87: 06BYD239 | P87: FIAT | Q87: 2020 | R87: T | S87: KAMYONET | T87: KLNB | U87: IK571354 | V87: MOBİLİZE | W87: 000000000000000000000003025699 | X87: 45076 | Z87: SERAY SİGORTA ARACILIK HİZM.LT | AA87: SERAY SİGORTA ARACILIK HİZM.LT | AB87: 35000 | AC87: 46143 | AD87: 45911 | AE87: 46506 | AF87: 46276 | AG87: GRUP MAKİNELERİ | AH87: KLV A.Ş. | AI87: 552837756985589 | AJ87: 46564 | AK87: TRY | AL87: 1930721480 | AM87: 1818217391 | AN87: 16475.98 | AO87: 5118.27 | AP87: KLV A.Ş. | AQ87: 540000 | AR87: 45191 | AS87: SER-AY SİGORTA ARACILIK HİZM. | AT87: SER-AY SİGORTA ARACILIK HİZM. | AU87: ZFA22500006R83359
A88: =L88 -> PUP-109 | B88: 1000 | C88: 1001 | D88: 46147 | E88: 2958465 | F88: EQ2698 | G88: 1035 | H88: 135 | I88: 10001035 | J88: 1035-01 | K88: KAMYONET | L88: PUP-109 | M88: PICK-UP FORD TRANSIT 350M ÇIFT KABIN | N88: TRANSIT 350M ÇIFT KA | O88: 34DLL387 | P88: FORD | Q88: 2020 | R88: T | S88: PICK-UP | T88: KLNB | U88: GG837672 | V88: MOBİLİZE | W88: 000000000000000000000003004713 | Z88: SERAY SİGORTA ARACILIK HİZM.LT | AA88: SERAY SİGORTA ARACILIK HİZM.LT | AB88: 45000 | AC88: 45958 | AD88: 45911 | AE88: 46323 | AF88: 46276 | AG88: GRUP MAKİNELERİ | AH88: KLV A.Ş. | AI88: LY66608 | AJ88: 46328 | AK88: TRY | AL88: 1835961560 | AM88: 1818205181 | AN88: 9785.29 | AO88: 9785.29 | AP88: KLV A.Ş. | AQ88: 1000000 | AR88: 45236 | AS88: SER-AY SİGORTA ARACILIK HİZM. | AT88: SER-AY SİGORTA ARACILIK HİZM. | AU88: NM0CXXTTRCLY66608
A89: =L89 -> PUP-111 | B89: 1000 | C89: 1001 | D89: 46209 | E89: 2958465 | F89: EQ2700 | G89: 1035 | H89: 135 | I89: 10001035 | J89: 1035-01 | K89: KAMYONET | L89: PUP-111 | M89: PICK-UP FORD TRANSIT 350M ÇIFT KABIN | N89: TRANSIT 350M ÇIFT KA | O89: 34BTT867 | P89: FORD | Q89: 2019 | R89: T | S89: PICK-UP | T89: KLNB | U89: GG837676 | V89: MOBİLİZE | W89: 000000000000000000000003004713 | Z89: SERAY SİGORTA ARACILIK HİZM.LT | AA89: SERAY SİGORTA ARACILIK HİZM.LT | AB89: 45000 | AC89: 45958 | AD89: 45911 | AE89: 46323 | AF89: 46276 | AG89: GRUP MAKİNELERİ | AH89: KLV A.Ş. | AI89: KC23877 | AJ89: 46596 | AK89: TRY | AL89: 1835982770 | AM89: 1818195961 | AN89: 9785.29 | AO89: 9785.29 | AP89: KLV A.Ş. | AQ89: 950000 | AR89: 45236 | AS89: SER-AY SİGORTA ARACILIK HİZM. | AT89: SER-AY SİGORTA ARACILIK HİZM. | AU89: NM0EXXTTGEKC23877
A90: =L90 -> PUP-120 | B90: 1000 | C90: 1001 | D90: 46244 | E90: 2958465 | F90: EQ3509 | G90: 1035 | H90: 135 | I90: 10001035 | J90: 1035-01 | K90: KAMYONET | L90: PUP-120 | M90: TRANSİT 350M ÇİFT KABİN ECOBLUE 165PS EU | N90: TRANSIT 350M ECOBLUE | O90: 06EZV135 | P90: FORD | Q90: 2024 | R90: T | S90: PICK-UP | T90: KLNB | U90: HP075652 | V90: MOBİLİZE | W90: 000000000000000000000000000000 | Z90: SERAY SİGORTA ARACILIK HİZM.LT | AA90: SERAY SİGORTA ARACILIK HİZM.LT | AB90: 0 | AC90: 46024 | AD90: 45911 | AE90: 46389 | AF90: 46276 | AG90: GRUP MAKİNELERİ | AH90: KLV A.Ş. | AI90: RS06243 | AJ90: 46329 | AL90: 1869162530 | AM90: 1818225481 | AN90: 13865.01 | AO90: 19192.5 | AP90: İŞ BANKASI YILDIZ TİCARİ ŞUBE | AQ90: 1392000 | AR90: 45657 | AS90: SER-AY SİGORTA ARACILIK HİZM. | AT90: SER-AY SİGORTA ARACILIK HİZM. | AU90: NM0CXXTTRCRS06243
A91: =L91 -> PUP-124 | B91: 1000 | C91: 1001 | D91: 46251 | E91: 2958465 | F91: EQ3809 | G91: 1038 | H91: 138 | I91: 10001038 | J91: 1038-01 | K91: KAMYONET | L91: PUP-124 | M91: PICK-UP ISUZU D-MAX 4X2 V-LIFE AT | N91: D-MAX 4X2 V-LIFE AT | O91: 06GCY249 | P91: ISUZU | Q91: 2026 | R91: T | S91: PICK-UP | T91: KLNB | U91: IL761919 | W91: 000000000000000000000000000000 | AB91: 0 | AG91: GRUP MAKİNELERİ | AH91: KLV A.Ş. | AI91: FRC681 | AJ91: 46517 | AN91: 0 | AO91: 0 | AP91: ALBARAKA TÜRK KATILIM BANKASI | AQ91: 2240000 | AR91: 46235 | AU91: MPATFR416TT008553
A92: =L92 -> PUP-125 | B92: 1000 | C92: 1001 | D92: 46261 | E92: 2958465 | F92: EQ3810 | G92: 1038 | H92: 138 | I92: 10001038 | J92: 1038-01 | K92: KAMYONET | L92: PUP-125 | M92: PICK-UP ISUZU D-MAX 4X2 V-LIFE AT | N92: D-MAX 4X2 V-LIFE AT | O92: 06GCY265 | P92: ISUZU | Q92: 2026 | R92: T | S92: PICK-UP | T92: KLNB | U92: IL732108 | W92: 000000000000000000000000000000 | AB92: 0 | AG92: GRUP MAKİNELERİ | AH92: KLV A.Ş. | AI92: FRC674 | AJ92: 46514 | AN92: 0 | AO92: 0 | AP92: ALBARAKA TÜRK KATILIM BANKASI | AQ92: 2240000 | AR92: 46235 | AU92: MPATER414TT008552
A93: =L93 -> PUP-126 | B93: 1000 | C93: 1001 | D93: 46251 | E93: 2958465 | F93: EQ3811 | G93: 1038 | H93: 138 | I93: 10001038 | J93: 1038-01 | K93: KAMYONET | L93: PUP-126 | M93: PICK-UP ISUZU D-MAX 4X2 V-LIFE AT | N93: D-MAX 4X2 V-LIFE AT | O93: 06GCY285 | P93: ISUZU | Q93: 2026 | R93: T | S93: PICK-UP | T93: KLNB | U93: IL761920 | W93: 000000000000000000000000000000 | AB93: 0 | AG93: GRUP MAKİNELERİ | AH93: KLV A.Ş. | AI93: FRC673 | AJ93: 46514 | AN93: 0 | AO93: 0 | AP93: ALBARAKA TÜRK KATILIM BANKASI | AQ93: 2240000 | AR93: 46235 | AU93: MPATFR412TT008551
A94: =L94 -> PUP-128 | B94: 1000 | C94: 1001 | D94: 46253 | E94: 2958465 | F94: EQ3813 | G94: 1038 | H94: 138 | I94: 10001038 | J94: 1038-01 | K94: KAMYONET | L94: PUP-128 | M94: PICK-UP ISUZU D-MAX 4X2 V-LIFE AT | N94: D-MAX 4X2 V-LIFE AT | O94: 06GCY318 | P94: ISUZU | Q94: 2026 | R94: T | S94: PICK-UP | T94: KLNB | U94: IL761922 | W94: 000000000000000000000000000000 | AB94: 0 | AG94: GRUP MAKİNELERİ | AH94: KLV A.Ş. | AI94: FRC680 | AJ94: 46514 | AN94: 0 | AO94: 0 | AP94: ALBARAKA TÜRK KATILIM BANKASI | AQ94: 2240000 | AR94: 46235 | AU94: MPATFR410TT008550
A95: =L95 -> PUP-130 | B95: 1000 | C95: 1001 | D95: 46255 | E95: 2958465 | F95: EQ3815 | G95: 1038 | H95: 138 | I95: 10001038 | J95: 1038-01 | K95: KAMYONET | L95: PUP-130 | M95: PICK-UP ISUZU D-MAX 4X2 V-LIFE AT | N95: D-MAX 4X2 V-LIFE AT | O95: 06GCY453 | P95: ISUZU | Q95: 2026 | R95: T | S95: PICK-UP | T95: KLNB | U95: IO732110 | W95: 000000000000000000000000000000 | AB95: 0 | AG95: GRUP MAKİNELERİ | AH95: KLV A.Ş. | AI95: FPW325 | AJ95: 46503 | AN95: 0 | AO95: 0 | AP95: ALBARAKA TÜRK KATILIM BANKASI | AQ95: 2240000 | AR95: 46235 | AU95: MPATER418TT007839
A96: =L96 -> PUP-131 | B96: 1000 | C96: 1001 | D96: 46251 | E96: 2958465 | F96: EQ3816 | G96: 1038 | H96: 138 | I96: 10001038 | J96: 1038-01 | K96: KAMYONET | L96: PUP-131 | M96: PICK-UP ISUZU D-MAX 4X2 V-LIFE AT | N96: D-MAX 4X2 V-LIFE AT | O96: 06GCY472 | P96: ISUZU | Q96: 2026 | R96: T | S96: PICK-UP | T96: KLNB | U96: IL761918 | W96: 000000000000000000000000000000 | AB96: 0 | AG96: GRUP MAKİNELERİ | AH96: KLV A.Ş. | AI96: FPW332 | AJ96: 46503 | AN96: 0 | AO96: 0 | AP96: ALBARAKA TÜRK KATILIM BANKASI | AQ96: 2240000 | AR96: 46235 | AU96: MPATFR410TT007852
A97: =L97 -> PUP-133 | B97: 1000 | C97: 1001 | D97: 46260 | E97: 2958465 | F97: EQ3886 | G97: 1038 | H97: 138 | I97: 10001038 | J97: 1038-01 | K97: KAMYONET | L97: PUP-133 | M97: PICK-UP FORD TRANSİT 350M ÇİFT KABİN ECO | N97: TRANSİT 350M ÇİFT KA | O97: 06GCY687 | P97: FORD | Q97: 2026 | R97: T | S97: PICK-UP | T97: KLNB | U97: IN871109 | W97: 000000000000000000000000000000 | AB97: 0 | AG97: GRUP MAKİNELERİ | AH97: KLV A.Ş. | AI97: TM04888 | AJ97: 46584 | AN97: 0 | AO97: 0 | AP97: ALBARAKA TÜRK KATILIM BANKASI | AQ97: 1865000 | AR97: 46235 | AU97: NM0CXXTT9CTM04888
A98: =L98 -> PUP-135 | B98: 1000 | C98: 1001 | D98: 46251 | E98: 2958465 | F98: EQ3888 | G98: 1038 | H98: 138 | I98: 10001038 | J98: 1038-01 | K98: KAMYONET | L98: PUP-135 | M98: PICK-UP FORD TRANSİT 350M ÇİFT KABİN ECO | N98: TRANSİT 350M ÇİFT KA | O98: 06GCY685 | P98: FORD | Q98: 2026 | R98: T | S98: PICK-UP | T98: KLNB | U98: IN871111 | W98: 000000000000000000000000000000 | AB98: 0 | AG98: GRUP MAKİNELERİ | AH98: KLV A.Ş. | AI98: NM0CXXTT8CTM04915 | AJ98: 46587 | AN98: 0 | AO98: 0 | AP98: ALBARAKA TÜRK KATILIM BANKASI | AQ98: 1865000 | AR98: 46235 | AU98: NM0CXXTT8CTM04915
A99: =L99 -> PUP-137 | B99: 1000 | C99: 1001 | D99: 46254 | E99: 2958465 | F99: EQ3890 | G99: 1038 | H99: 138 | I99: 10001038 | J99: 1038-01 | K99: KAMYONET | L99: PUP-137 | M99: PICK-UP FORD TRANSİT 350M ÇİFT KABİN ECO | N99: TRANSİT 350M ÇİFT KA | O99: 06GCY682 | P99: FORD | Q99: 2026 | R99: T | S99: PICK-UP | T99: KLNB | U99: IN871105 | W99: 000000000000000000000000000000 | AB99: 0 | AG99: GRUP MAKİNELERİ | AH99: KLV A.Ş. | AI99: TM04929 | AJ99: 46589 | AN99: 0 | AO99: 0 | AP99: ALBARAKA TÜRK KATILIM BANKASI | AQ99: 1865000 | AR99: 46235 | AU99: NM0CXXTT8CTM04929
A100: =L100 -> PUP-139 | B100: 1000 | C100: 1001 | D100: 46255 | E100: 2958465 | F100: EQ3892 | G100: 1038 | H100: 138 | I100: 10001038 | J100: 1038-01 | K100: KAMYONET | L100: PUP-139 | M100: PICK-UP FORD TRANSİT 350M ÇİFT KABİN ECO | N100: TRANSİT 350M ÇİFT KA | O100: 06GCY680 | P100: FORD | Q100: 2026 | R100: T | S100: PICK-UP | T100: KLNB | U100: IN871103 | W100: 000000000000000000000000000000 | AB100: 0 | AG100: GRUP MAKİNELERİ | AH100: KLV A.Ş. | AI100: TM04965 | AJ100: 46587 | AN100: 0 | AO100: 0 | AP100: ALBARAKA TÜRK KATILIM BANKASI | AQ100: 1865000 | AR100: 46235 | AU100: NM0CXXTT1CTM04965
...
